Comment.id|Tag.id
618475291044|1668
618475291044|10571
618475291047|10571
618475291047|14450
618475291049|7557
618475291049|14450
618475291052|280
618475291052|448
618475291052|2970
618475291052|6071
618475291052|11755
618475291055|7079
618475291055|10571
618475291057|280
618475291057|3086
618475291057|6071
618475291057|11351
618475291058|280
618475291058|1206
618475291058|2088
962072674742|280
962072674742|9329
962072674743|280
962072674743|294
962072674743|9329
824633721276|3047
824633721277|5158
824633721277|14856
824633721282|280
824633721282|2903
824633721282|5158
893353198021|1986
893353198021|2845
893353198021|4863
893353198021|7380
893353198021|9086
893353198021|9149
893353198021|11363
893353198022|5247
893353198022|9149
893353198022|9287
893353198022|11255
893353198022|11259
893353198022|11363
893353198027|775
893353198027|6550
893353198027|7380
893353198027|9149
893353198027|11363
893353198027|11823
893353198027|12410
893353198028|594
893353198028|1450
893353198028|7570
893353198029|594
893353198029|1191
893353198029|1450
893353198029|7570
893353198029|15990
893353198031|2030
893353198031|2807
893353198031|4863
893353198031|9149
893353198031|13054
893353198033|2836
893353198033|7555
893353198033|9302
893353198033|13054
893353198036|61
893353198036|1021
893353198036|4863
893353198036|5418
893353198036|11755
893353198036|15377
893353198038|4863
893353198038|6363
893353198038|6392
893353198041|61
893353198041|289
893353198041|5418
893353198041|7012
893353198042|61
893353198042|593
893353198042|5316
893353198042|5418
893353198043|61
893353198043|1021
893353198043|2839
893353198043|5084
893353198043|9742
893353198043|15377
893353198048|61
893353198048|1533
893353198048|5056
893353198048|7892
893353198048|15377
549755815266|461
549755815266|561
549755815266|1195
549755815268|461
549755815268|1195
549755815268|3012
549755815268|7017
549755815271|1615
549755815271|6406
893353198958|287
893353198958|796
893353198958|2097
893353198958|3015
893353198958|6528
893353198958|6596
893353198958|6665
893353198958|8098
893353198958|9273
893353198963|2097
893353198963|5080
893353198963|5502
893353198963|6376
893353198963|9273
893353198963|9325
893353198963|10491
893353198964|571
893353198964|5502
893353198964|5841
893353198964|6376
893353198964|7034
893353198964|8565
893353198964|9273
893353198964|9325
893353198968|244
893353198968|1195
893353198968|2836
893353198968|5163
893353198968|5174
893353198968|12249
893353198969|1195
893353198969|2105
893353198969|2836
893353198969|5163
893353198969|5174
893353198969|7883
893353198969|9706
1030792152445|244
1030792152445|779
1030792152445|5869
1030792152447|1176
1030792152447|9056
1030792152450|5219
1030792152450|5258
1030792152453|244
1030792152453|5767
1030792152453|12086
1030792152453|14011
412316861838|2950
412316861838|5445
412316861844|2206
412316861844|7567
412316861850|2206
412316861850|6949
412316861852|1505
412316861852|2206
549755815327|1410
549755815327|5068
549755815328|6978
755914245541|224
755914245541|2898
755914245548|2833
755914245548|2898
755914246182|2
755914246182|2894
755914246184|2
755914246184|2894
755914246184|6944
755914246191|2
755914246191|8912
755914246192|2
755914246192|11848
755914246195|287
755914246523|2821
755914246523|7827
755914246523|9078
755914246524|201
755914246524|5119
755914246524|6949
755914246524|7241
755914246525|5119
755914246525|7775
755914246525|12269
755914246527|7740
755914246527|15666
755914246530|5119
755914246530|6949
755914246530|7327
755914246530|9907
755914246531|1672
755914246531|5119
755914246531|6949
755914246531|7327
755914246531|9064
893353200018|1762
893353200018|2853
893353200018|4863
893353200018|11640
893353200022|1762
893353200022|7367
893353200022|9235
893353200022|9503
893353200022|11417
893353200024|1546
893353200024|4863
893353200024|7367
893353200024|9045
893353200026|1546
893353200026|4863
893353200026|5116
893353200026|7367
893353200026|8939
893353200026|9045
893353200028|1532
893353200028|1762
893353200028|7367
893353200028|15288
893353200029|6779
893353200029|7367
893353200029|9235
893353200029|9503
893353200029|9879
893353200029|11370
893353200030|148
893353200030|297
893353200030|1532
893353200040|1761
893353200040|5432
893353200040|5524
893353200040|11050
893353200041|1986
893353200041|11050
893353200041|15437
893353200044|1761
893353200044|5374
893353200044|9001
893353200044|9271
893353200044|10498
687194770314|1410
687194770314|2063
687194770314|2812
687194770314|3044
687194770314|5086
687194770314|5125
687194770314|7558
687194770316|1410
687194770316|2063
687194770316|2835
687194770316|2924
687194770316|5125
687194770316|9032
687194770316|9242
412316863377|2034
412316863377|2206
412316863377|3058
412316863377|9143
412316863377|14785
412316863378|9079
412316863378|9312
412316863378|11251
412316863380|9143
412316863380|9243
412316863380|9585
412316863380|14137
412316863380|14785
412316863382|1753
412316863382|2044
412316863382|9143
412316863382|9243
412316863382|10314
412316863382|14137
412316863382|14785
687194770330|382
687194770330|2976
687194770330|9241
962072677498|1
962072677498|8318
962072677500|5145
962072677501|1
962072677501|1763
962072677501|8318
962072677508|2968
755914247304|1
755914247304|7006
755914247307|1989
755914247309|2888
824633724048|1679
824633724048|2100
824633724048|5852
824633724048|6962
824633724048|7004
824633724048|7639
824633724048|11334
824633724048|12686
824633724049|2037
824633724049|5852
824633724049|6389
824633724049|6449
824633724049|6972
824633724049|7639
824633724049|12686
824633724052|1934
824633724052|2050
824633724052|3032
824633724052|6962
824633724052|7004
824633724052|7596
824633724052|7639
824633724052|9061
824633724052|11752
824633724055|1679
824633724055|1759
824633724055|2087
824633724055|5115
824633724055|7004
824633724055|7007
824633724055|7639
824633724055|11334
824633724055|12686
824633724056|2058
824633724056|2100
824633724056|7004
824633724056|7639
824633724056|8156
824633724056|10955
824633724056|12163
824633724065|572
824633724065|12343
824633724067|5158
824633724067|9191
824633724067|9329
824633724067|13854
893353200938|138
893353200938|9302
893353200940|138
893353200940|9064
893353200942|6153
1030792154420|12086
1030792154424|10999
1030792154426|14175
1030792154428|2797
1030792154430|8805
412316863810|977
412316863810|9057
412316863812|11724
412316863814|138
412316863814|977
412316863814|9062
412316863817|138
412316863817|977
412316863817|12303
412316863822|977
412316863822|13258
824633724246|1989
824633724246|2845
824633724246|11625
824633724248|138
824633724248|6551
824633724248|11625
824633724248|11685
755914247519|138
755914247519|2992
755914247520|138
755914247520|7347
274877910377|579
274877910377|791
274877910379|791
274877910379|9277
274877910385|138
274877910385|791
274877910385|3029
755914247541|138
755914247541|1177
755914247541|1178
755914247541|3091
755914247541|5822
412316863876|2923
412316863876|3065
412316863876|14423
412316863877|8869
412316863877|9176
412316863879|2009
412316863879|3065
412316863879|12094
412316863884|9090
412316863884|14423
412316863884|15500
412316863891|2009
412316863891|3065
412316863891|7581
412316863891|9032
412316863892|1998
412316863892|2923
412316863892|3065
412316863892|8649
412316863915|138
412316863915|5530
412316863915|6413
412316863916|138
412316863916|576
962072677812|138
962072677812|2984
962072677819|10456
962072677820|138
962072677820|977
962072677820|11259
755914247615|9215
755914247617|9215
755914247617|11799
755914247619|5591
755914247620|2056
755914247620|9215
755914247625|3054
755914247625|5591
755914247627|5099
687194770896|138
687194770896|1190
687194770896|5080
687194770896|11755
687194770898|206
687194770898|1185
687194770898|1190
687194770898|1193
687194770898|10607
687194770899|1190
687194770899|5164
687194770899|9145
687194770903|544
687194770903|1190
687194770903|10070
687194770906|544
687194770906|1190
687194770906|2041
687194770906|5102
618475294175|144
618475294175|1766
618475294175|7617
618475294177|144
618475294177|1532
618475294177|2005
618475294177|7617
618475294181|144
618475294181|1766
618475294181|2787
618475294181|2794
481036340711|2779
481036340711|7546
481036340712|2779
481036340712|7042
481036340714|2779
481036340714|5601
481036340716|7546
481036340716|8037
481036340717|138
481036340717|12331
481036340719|2779
481036340719|7042
481036340719|9084
481036340724|138
481036340724|10135
481036340725|2802
481036340725|7546
481036340725|8037
274877910522|5074
274877910522|9058
274877910527|5200
274877910527|9058
274877910528|138
274877910528|7020
274877910528|12269
274877910529|138
274877910529|1178
274877910529|1674
274877910529|9237
274877910529|11698
274877910530|2107
274877910531|2072
274877910531|5200
274877910534|977
274877910534|5074
274877910535|5200
274877910535|7031
549755817484|1190
549755817484|5106
549755817484|9289
274877910547|12246
274877910554|138
274877910554|12392
274877910555|12071
274877910555|12392
549755817506|791
549755817506|1985
549755817506|3007
549755817506|7512
549755817506|9220
549755817506|11250
824633724456|9036
824633724456|9064
824633724456|12315
755914247722|2866
755914247722|3024
755914247722|9137
755914247722|10488
755914247725|2866
755914247725|9289
755914247725|10488
755914247725|14161
824633724464|796
824633724464|1934
824633724464|2957
824633724464|5056
824633724464|6797
824633724464|8705
824633724464|9177
824633724465|2027
824633724465|6411
824633724465|8803
824633724465|12767
824633724466|1934
824633724466|2957
824633724466|3057
824633724466|7419
824633724466|8705
824633724466|11354
824633724466|11494
824633724473|1934
824633724473|2920
824633724473|3055
824633724473|7419
824633724473|7568
824633724473|8705
824633724473|11494
824633724473|14255
824633724475|2027
824633724475|5054
824633724475|8397
824633724475|8705
824633724475|9067
755914247741|1528
755914247741|2818
755914247741|2977
755914247741|3095
755914247741|5999
755914247741|6023
755914247741|6945
755914247741|7545
755914247741|8987
755914247741|9864
755914247741|11685
755914247741|12753
755914247741|13425
755914247744|1528
755914247744|2061
755914247744|2850
755914247744|5601
755914247744|6396
755914247744|6406
755914247744|6945
755914247744|7545
755914247744|9100
755914247744|9864
755914247744|11685
755914247744|11695
755914247744|13425
755914247748|6
755914247748|2001
755914247748|2793
755914247748|2977
755914247748|3013
755914247748|5397
755914247748|9262
755914247748|11378
755914247748|11521
755914247748|11587
755914247748|12345
755914247748|13425
755914247748|14681
755914247749|6
755914247749|783
755914247749|1178
755914247749|2793
755914247749|2977
755914247749|3013
755914247749|7579
755914247749|7746
755914247749|9140
755914247749|10734
755914247749|11521
755914247749|11587
755914247749|12035
824633724494|594
824633724494|1934
824633724494|6109
824633724494|6400
824633724494|13201
824633724498|1934
824633724498|2035
824633724498|2068
824633724498|2811
824633724498|8683
824633724498|12031
824633724498|13201
824633724501|143
824633724501|1184
824633724501|1934
824633724501|2811
824633724501|5752
824633724501|6631
824633724501|8683
824633724501|12031
824633724501|13201
824633724502|2922
824633724502|8895
824633724502|10501
824633724502|12031
824633724502|13196
824633724503|1934
824633724503|2832
824633724503|6031
824633724503|8079
824633724503|12031
824633724503|13344
755914247770|12424
824633724512|62
824633724512|1934
824633724512|1995
824633724512|2847
824633724512|3041
824633724512|5101
824633724512|5173
824633724512|6944
824633724512|10022
824633724517|1934
824633724517|2048
824633724517|5152
824633724517|9380
824633724517|12057
824633724517|12500
824633724518|1934
824633724518|2048
824633724518|5132
824633724518|5334
824633724518|9237
824633724518|9380
824633724518|12057
824633724518|12500
824633724520|2886
824633724520|5152
824633724520|5292
824633724520|6095
824633724520|6376
824633724520|9380
824633724521|788
824633724521|3029
824633724521|5152
824633724521|5292
824633724521|7568
824633724521|9380
824633724522|788
824633724522|1196
824633724522|3029
824633724522|5152
824633724522|9216
824633724522|9380
824633724522|11921
824633724525|2901
824633724525|5132
824633724525|5334
824633724525|6981
824633724525|9237
824633724525|11958
824633724525|12770
824633724527|788
824633724527|2001
824633724527|2778
824633724527|2832
824633724527|3029
824633724527|7568
824633724527|9380
824633724528|576
824633724528|1189
824633724528|1934
824633724528|4849
824633724528|5112
824633724528|5132
824633724528|5334
824633724528|12500
824633724530|793
824633724530|1200
824633724530|1934
824633724530|5334
824633724530|7405
824633724530|7539
824633724530|9237
824633724530|12057
824633724530|12500
824633724532|577
824633724532|1934
824633724532|6993
824633724532|7556
824633724532|10016
824633724532|11661
824633724536|1505
824633724536|6993
824633724536|7542
824633724536|8180
824633724536|9627
824633724537|1202
824633724537|1934
824633724537|1940
824633724537|5094
824633724537|12453
824633724538|1940
824633724538|1988
824633724538|2118
824633724538|5074
824633724538|5094
755914247805|1528
755914247805|1614
755914247805|7560
755914247805|7669
755914247805|9551
755914247806|1528
755914247806|6530
755914247806|6674
755914247808|1528
755914247808|6530
755914247808|7505
755914247808|15526
755914247810|1022
755914247810|1505
755914247810|1528
755914247810|7669
755914247810|9144
824633724557|584
824633724557|1934
824633724557|2120
824633724557|9080
824633724557|9279
824633724558|801
824633724558|1995
824633724558|2120
824633724558|9279
824633724558|15728
343597387440|544
343597387440|2900
343597387440|6871
343597387440|11528
343597387440|13157
343597387441|2900
343597387441|6973
343597387441|9026
343597387441|9269
343597387441|11388
343597387443|593
343597387443|2900
343597387443|8244
343597387443|9026
343597387443|9620
343597387443|11388
343597387458|470
343597387458|1676
343597387458|2874
343597387458|4844
343597387458|5976
343597387458|6962
343597387458|9060
343597387463|470
343597387463|2808
343597387463|2874
343597387463|5080
343597387463|5976
343597387463|9152
343597387463|12477
343597387465|1676
343597387465|4844
343597387465|6962
343597387465|7064
343597387465|10610
343597387465|11546
343597387469|470
343597387469|2808
343597387469|5976
343597387469|5985
343597387469|7576
343597387469|11523
343597387469|12477
343597387469|12557
343597387470|1676
343597387470|2036
343597387470|3100
343597387470|6962
343597387470|11546
343597387470|12211
343597387471|470
343597387471|577
343597387471|1676
343597387471|2874
343597387471|5976
343597387471|6964
343597387471|7344
343597387471|7414
824633724625|798
824633724625|1175
824633724625|1199
824633724625|7594
824633724627|470
824633724627|798
824633724627|1179
824633724627|8228
824633724627|10951
824633724629|4966
824633724629|7567
824633724629|12005
412316864216|6385
412316864222|470
412316864222|798
412316864222|12000
412316864224|6385
412316864224|9326
412316864227|5066
412316864228|5070
412316864228|6385
412316864229|798
412316864229|1207
412316864230|9276
412316864232|3043
412316864232|6385
412316864233|1616
412316864234|5070
412316864234|6038
343597387500|795
343597387500|6143
343597387500|13843
824633725019|1749
824633725019|5151
824633725021|2887
824633725030|1749
824633725030|9338
824633725031|1749
824633725031|2797
824633725031|9255
687194771573|2887
687194771573|9648
687194771573|11374
1030792155649|596
1030792155649|8181
1030792155649|8480
1030792155653|596
1030792155653|1179
1030792155653|2044
1030792155653|8480
1030792155661|132
1030792155661|586
1030792155665|977
1030792155666|586
1030792155666|1188
1030792155667|132
1030792155667|2036
1030792155668|11731
618475295254|573
618475295254|1181
618475295254|2945
618475295254|2962
618475295254|7656
618475295254|8579
618475295263|573
618475295263|2082
618475295263|2827
618475295263|2945
618475295263|8579
618475295263|12182
618475295265|573
618475295265|777
618475295265|2945
618475295265|8209
618475295265|12182
618475295265|12300
618475295266|2054
618475295266|2827
618475295266|2945
618475295266|7639
618475295266|8579
618475295266|12182
618475295266|15873
618475295270|132
618475295270|573
618475295270|1505
618475295270|2945
618475295270|6044
618475295270|9167
618475295271|6
618475295271|132
618475295271|9647
618475295271|11759
549755818553|8753
549755818554|2842
893353202260|5077
893353202260|9076
893353202260|9474
893353202260|9681
893353202260|10319
893353202260|10449
893353202264|1180
893353202264|5108
893353202264|6992
893353202264|7244
893353202264|9352
893353202264|10319
893353202264|13571
893353202267|2806
893353202267|5185
893353202267|9076
893353202267|12146
893353202268|1180
893353202268|6992
893353202268|9352
893353202268|9362
893353202268|10319
893353202268|11287
893353202268|13571
893353202268|14000
893353202268|14423
687194772065|441
687194772065|1944
687194772065|2015
687194772065|5161
687194772065|6408
687194772065|8035
687194772065|9237
687194772065|14961
687194772068|441
687194772068|1944
687194772068|2015
687194772068|3077
687194772068|5165
687194772068|5273
687194772068|9237
687194772068|11724
687194772069|458
687194772069|2015
687194772069|2055
687194772069|6408
687194772069|8277
687194772069|13743
893353202283|244
893353202283|5101
893353202283|9292
893353202283|15812
893353202288|2998
893353202288|5101
893353202288|11987
893353202288|15812
893353202289|2084
893353202289|13304
893353202291|244
893353202291|2814
893353202291|11250
893353202291|15812
687194772091|4878
687194772091|9149
687194772091|12427
687194772093|7562
687194772093|12042
687194772096|13703
687194772098|4878
687194772098|7003
687194772098|11625
687194772098|12427
687194772099|5100
687194772099|12042
687194772102|5193
687194772102|7572
687194772102|12427
687194772103|472
687194772103|7572
687194772103|8493
687194772103|12427
687194772104|5100
687194772104|9474
687194772104|12042
687194772107|6451
687194772107|6799
687194772108|5129
687194772108|6617
687194772108|13048
687194772110|2963
687194772110|6451
687194772112|2853
687194772112|2900
687194772112|6617
687194772112|13048
687194772115|1944
687194772115|2097
687194772115|7558
687194772115|8209
687194772115|15146
824633725782|784
824633725782|3004
824633725782|7584
824633725782|12143
824633725784|127
824633725784|7187
824633725784|12194
824633725787|584
824633725787|11415
824633725788|2843
824633725788|3004
824633725788|9027
893353202538|11634
893353202540|441
893353202540|11634
893353202541|4843
893353202541|9256
893353202548|4843
893353202548|9160
893353202551|9131
893353202552|14793
962072679296|2965
962072679297|580
962072679298|9193
962072679301|4843
962072679301|9913
962072679305|9193
962072679305|9197
893353202613|9907
893353202614|7061
893353202622|8935
893353202625|9047
1030792156163|2023
1030792156163|4843
1030792156165|5198
1030792156205|4843
1030792156205|9190
1030792156206|139
1030792156206|4843
1030792156211|4843
1030792156211|6377
1030792156250|4843
1030792156250|6400
1030792156254|4843
1030792156254|5094
962072679571|4843
962072679571|15398
962072679573|290
962072679573|4843
962072679573|15398
1030792156332|4843
1030792156332|14043
1030792156333|5854
1030792156333|14043
893353202868|545
893353202869|1202
893353202869|4843
893353202870|1202
893353202870|4843
893353202870|5631
893353202876|3077
893353202876|4843
824633726149|4843
824633726149|5484
824633726150|284
824633726150|4843
824633726150|5484
824633726153|4843
824633726153|5484
824633726153|7411
824633726153|9421
824633726154|2993
824633726157|8464
824633726159|7121
824633726161|785
824633726162|2993
824633726162|11383
824633726163|2993
824633726163|8782
1030792156397|4843
1030792156397|5060
1030792156398|2860
1030792156398|4843
1030792156407|4843
1030792156407|9187
1030792156409|4843
1030792156409|5159
893353202964|1998
893353202967|4843
893353202967|7017
893353202970|2788
893353202970|4843
824633726451|4843
824633726451|9672
824633726454|4843
824633726454|6389
824633726459|8529
824633726460|582
824633726460|4843
824633726461|11576
824633726463|4843
824633726463|10110
1030792156674|12097
1030792156678|1033
1030792156681|1033
1030792156681|11704
1030792156682|1033
1030792156682|8760
1030792156686|7543
1030792156689|1033
1030792156689|11704
1030792156689|12303
824633726485|9628
824633726491|9352
824633726492|4843
824633726492|11698
824633726493|206
824633726493|9352
824633726496|2066
824633726497|6733
824633726497|9352
824633726506|11593
824633726511|7524
824633726512|4843
824633726512|6435
824633726515|6944
893353203254|4843
893353203254|5129
893353203265|4843
893353203265|5091
893353203265|5129
893353203266|5129
893353203266|7001
893353203266|9145
893353203267|2784
893353203267|7001
893353203267|9145
893353203267|10454
893353203268|5129
893353203268|9035
893353203268|14764
893353203270|5055
893353203270|9249
893353203286|4843
893353203286|11333
893353203289|3025
893353203289|4843
893353203292|2044
893353203295|11602
893353203299|13132
1030792156932|6437
962072680220|2970
962072680220|4843
962072680222|576
962072680225|2864
962072680225|4843
824633726764|593
1030792156998|4843
1030792156998|6844
1030792156999|5075
1030792157069|567
1030792157069|4843
1030792157073|806
1030792157073|4843
1030792157076|806
1030792157076|4843
1030792157076|8707
1030792157077|806
1030792157077|4843
1030792157077|11642
1030792157078|567
1030792157078|11641
1030792157081|4843
1030792157081|10951
1030792157133|2949
1030792157144|2949
1030792157144|5108
1030792157148|7646
1030792157191|3005
1030792157191|4843
1030792157197|587
1030792157197|4843
1030792157199|587
1030792157199|4843
1030792157199|9174
1030792157201|3050
1030792157204|281
1030792157204|4843
1030792157205|6339
893353203736|4843
893353203736|12546
893353203737|7732
893353203737|12546
893353203739|4843
893353203739|11410
893353203740|9068
893353203743|1032
893353203743|7732
893353203743|12546
893353203747|9068
893353203747|11967
893353203749|9068
893353203749|11840
893353203750|11840
893353203750|13615
893353203752|5099
893353203752|9068
893353203754|2921
893353203754|4843
824633727040|458
824633727040|4843
824633727045|5754
824633727048|7567
824633727050|11998
824633727051|7567
824633727051|10220
824633727052|4843
824633727052|5927
824633727054|9087
962072680530|5168
962072680531|4843
962072680531|11140
962072680532|4843
962072680532|7276
962072680532|11140
962072680537|1189
962072680537|1526
962072680537|2044
962072680537|7000
962072680537|9298
962072680537|9511
962072680540|2044
962072680540|2812
962072680540|5127
962072680540|9298
962072680540|9322
962072680540|9511
962072680542|1189
962072680542|1526
962072680542|2031
962072680542|2044
962072680542|9298
962072680542|12264
962072680542|12289
962072680543|2002
962072680543|5151
962072680543|5301
962072680543|6956
962072680544|1526
962072680544|2816
962072680544|2860
962072680544|2966
962072680544|6399
962072680554|1186
962072680554|1526
962072680554|7427
962072680554|8732
962072680554|10771
962072680554|14057
962072680556|1769
962072680556|7576
962072680556|7594
962072680556|8964
962072680556|8983
962072680559|2012
962072680559|5702
962072680559|6383
962072680559|8964
962072680559|8983
962072680562|1526
962072680562|3043
962072680562|6953
962072680562|8732
962072680562|9085
962072680562|10035
962072680563|2012
962072680563|3095
962072680563|5702
962072680563|6637
962072680563|8964
962072680563|8983
962072680563|10453
962072680564|1526
962072680564|2054
962072680564|5188
962072680564|6965
962072680564|8732
962072680564|14057
962072680566|973
962072680566|1769
962072680566|3109
962072680566|6358
962072680566|7576
962072680566|8964
962072680566|8983
962072680567|2947
962072680567|7576
962072680567|8983
962072680567|9090
962072680567|9609
962072680575|5086
962072680575|5151
962072680575|7899
962072680575|13811
962072680577|1171
962072680577|7873
962072680579|1171
962072680579|9292
962072680581|1194
962072680581|9292
962072680589|9233
962072680589|11537
824633727131|127
824633727131|799
824633727131|3111
824633727131|6945
824633727131|9262
824633727131|10830
824633727132|1615
824633727132|2036
824633727132|5103
824633727132|5107
824633727132|10830
824633727134|127
824633727134|571
824633727134|3110
824633727134|6691
824633727134|7396
824633727134|9082
824633727134|11624
962072680610|578
962072680610|1178
962072680610|7927
962072680610|8562
962072680621|1178
962072680621|7562
962072680621|8562
962072680621|11258
962072680622|787
962072680622|2943
962072680622|8562
962072680626|2872
962072680626|8292
962072680626|8562
824633727160|2077
824633727160|2779
824633727160|5753
824633727163|1617
824633727163|9339
962072680643|1526
962072680643|2036
962072680643|6416
962072680643|9339
962072680648|2934
962072680648|2944
962072680648|6411
962072680648|6885
962072680648|7559
962072680648|13276
962072680653|2934
962072680653|5080
962072680653|5372
962072680653|6411
962072680653|12340
962072680658|1984
962072680658|1987
962072680658|5178
962072680658|5765
962072680658|9082
962072680658|9223
962072680658|11223
962072680658|11678
962072680660|809
962072680660|1987
962072680660|2058
962072680660|5178
962072680660|6957
962072680660|8381
962072680660|9082
962072680660|9223
962072680660|11678
962072680661|1984
962072680661|3053
962072680661|5178
962072680661|9051
962072680661|13794
962072680661|14588
962072680664|809
962072680664|1987
962072680664|2120
962072680664|5112
962072680664|6268
962072680664|8381
962072680664|11645
962072680664|12059
962072680672|5081
962072680672|7642
962072680672|9548
962072680672|10337
962072680672|14436
962072680675|1526
962072680675|5068
962072680675|7134
962072680675|7196
962072680675|7602
962072680675|9548
962072680675|10337
962072680675|11686
962072680679|9
962072680679|2830
962072680682|9
962072680682|2830
962072680682|9729
962072680692|9
962072680692|2830
962072680692|13093
962072680697|807
962072680697|1526
962072680697|3091
962072680697|7519
962072680697|8289
962072680698|1526
962072680698|6704
962072680698|7519
962072680698|9063
962072680698|10284
962072680703|2079
962072680703|5742
962072680703|6556
962072680706|6001
962072680706|7519
962072680706|7543
962072680706|7847
962072680706|11875
962072680706|12512
962072680707|1526
962072680707|7519
962072680707|7546
962072680707|8864
962072680707|10647
962072680710|294
962072680710|2996
962072680710|5911
962072680710|6704
962072680710|7519
824633727242|127
824633727242|458
824633727242|2784
824633727242|2901
824633727242|8555
824633727242|9039
824633727242|9143
824633727242|9337
824633727245|458
824633727245|792
824633727245|2787
824633727245|5091
824633727245|5114
824633727245|5633
824633727245|9039
824633727245|9337
824633727245|11624
824633727245|14308
962072680967|1763
962072680967|5115
962072680967|5443
962072680967|6424
962072680967|12866
893353204370|458
893353204370|2898
893353204370|3079
893353204370|12232
893353204371|2876
893353204371|2898
893353204371|2977
893353204372|3024
893353204372|5115
893353204372|9605
893353204377|458
893353204377|1177
893353204382|458
893353204382|2968
893353204382|12220
893353204384|1177
893353204384|2968
893353204385|976
893353204385|1177
893353204386|1177
893353204386|2968
893353204386|5114
893353204393|2968
893353204393|5981
893353204393|7213
962072681131|395
962072681131|3022
962072681131|5191
962072681131|6798
962072681131|9326
962072681136|395
962072681136|2020
962072681136|2805
962072681136|5174
962072681136|9196
962072681137|395
962072681137|2866
962072681137|2916
962072681137|5064
962072681137|6950
962072681137|9326
962072681138|395
962072681138|2098
962072681138|2866
962072681138|6412
962072681138|11688
962072681139|2038
962072681139|2866
962072681139|6969
962072681139|14197
962072681141|976
962072681141|5191
962072681141|5709
962072681141|10141
962072681146|5495
962072681146|11584
962072681344|6
962072681344|12305
962072681346|1995
962072681347|11685
962072681348|11750
687194774409|4
687194774409|579
687194774409|2781
687194774409|2943
687194774409|3096
687194774409|5170
687194774409|6041
687194774409|10153
687194774409|11747
687194774409|12036
687194774411|417
687194774411|1749
687194774411|2781
687194774411|5170
687194774411|9332
687194774411|11747
687194774411|12331
687194774411|13042
1099511634852|6358
1099511634854|6358
1099511634854|6940
1099511634856|14911
1099511634860|1910
1099511634860|3065
1030792158167|1910
1030792158167|7158
1030792158174|1910
1030792158174|3070
1030792158182|2100
962072681855|5780
962072681855|9343
893353205123|138
893353205123|1952
893353205123|2018
893353205123|9662
893353205123|9905
893353205124|138
893353205124|1952
893353205124|2018
893353205124|4982
893353205124|5149
893353205125|138
893353205125|1952
893353205125|2787
893353205125|6462
893353205125|8469
893353205125|9662
893353205125|9905
824633728396|138
824633728396|1674
824633728396|2784
824633728396|6733
824633728396|6971
824633728396|8699
824633728398|138
824633728398|6374
824633728398|6733
824633728398|7873
824633728398|8699
824633728398|11553
824633728400|2116
824633728400|5438
824633728400|6733
824633728400|7873
824633728400|8699
824633728400|9326
824633728400|11553
824633728404|1668
824633728404|1987
824633728404|6659
824633728404|6733
824633728404|7339
824633728404|7873
824633728404|9326
824633728404|11553
824633728405|2095
824633728405|2828
824633728405|3108
824633728405|7569
824633728405|8699
824633728405|11630
824633728407|1668
824633728407|1987
824633728407|2987
824633728407|3103
824633728407|5132
824633728407|6659
824633728407|7873
824633728407|9273
824633728407|11553
824633728408|2786
824633728408|2923
824633728408|8699
824633728408|8876
824633728408|11553
893353205147|138
893353205147|1952
893353205147|9322
893353205147|9338
893353205150|138
893353205150|9146
893353205150|9196
893353205150|12361
687194774944|1524
687194774944|2777
687194774944|6370
687194774944|6946
687194774945|5114
687194774945|6946
687194774945|15665
687194774948|584
687194774948|1524
687194774948|2936
687194774948|11135
687194774954|1524
687194774954|2040
687194774954|3073
687194774954|6402
687194774954|9067
687194774957|1025
687194774957|2040
687194774957|11039
687194774957|11717
687194774958|1025
687194774958|2036
687194774958|6733
687194774958|11039
687194774958|11717
687194774964|2836
687194774964|3008
687194774964|6977
687194774964|7093
687194774964|7610
687194774964|12179
687194774964|12408
687194774965|3008
687194774965|6438
687194774965|6977
687194774965|7045
687194774965|7610
687194774965|9853
687194774965|10614
824633728454|2043
824633728454|11203
824633728454|11928
824633728454|12019
893353205192|59
893353205192|803
893353205192|1767
893353205192|2094
893353205192|5104
893353205192|6988
893353205192|7610
893353205192|11609
893353205194|59
893353205194|1767
893353205194|5096
893353205194|6988
893353205194|7557
893353205194|8929
893353205194|9500
893353205194|11609
893353205196|803
893353205196|2801
893353205196|9716
893353205196|11609
893353205196|12220
893353205196|12297
893353205199|2035
893353205199|7555
893353205199|7557
893353205199|9144
893353205199|9500
893353205199|11676
893353205202|1202
893353205202|2007
893353205202|6449
893353205202|6946
893353205202|9250
962072681944|2951
962072681945|2951
962072681945|11316
962072681946|8963
962072681951|2951
962072681951|9688
962072681951|11316
962072681954|1952
962072681954|2951
206158437862|2076
206158437862|7738
206158437862|9353
206158437862|10578
274877914616|418
274877914616|2026
274877914616|6425
274877914616|7568
274877914616|12567
274877914616|13191
274877914618|418
274877914618|1997
274877914618|2026
274877914618|6425
274877914618|6456
274877914618|7568
274877914618|12500
274877914618|12567
274877914621|1997
274877914621|2026
274877914621|2951
274877914621|5145
274877914621|5842
274877914621|6456
274877914621|7191
274877914621|12567
274877914622|418
274877914622|1766
274877914622|2026
274877914622|6425
274877914622|7568
274877914622|9062
274877914622|11539
274877914622|13191
274877914623|418
274877914623|6154
274877914623|7568
274877914623|9281
274877914623|11689
274877914623|13191
274877914629|1450
274877914629|1734
274877914629|2015
274877914629|6634
274877914629|9290
274877914630|1734
274877914630|6408
274877914630|9116
274877914631|1173
274877914631|2015
274877914631|7145
274877914631|8324
274877914633|1734
274877914633|5096
274877914633|9085
1030792159477|2840
1030792159477|2900
1030792159479|2108
1030792159479|2900
1030792159480|290
1030792159480|6403
1030792159480|11339
1030792159481|5167
1030792159481|8116
1030792159485|2840
1030792159485|12824
1030792159486|3044
1030792159488|2840
1030792159488|11149
1030792159503|15116
1030792159505|1029
1030792159505|15116
1030792159507|2117
1030792159508|9261
962072682784|266
962072682784|3024
962072682784|6659
962072682784|10052
962072682785|2022
962072682785|3024
962072682785|6881
962072682785|10052
962072682787|6659
962072682787|6945
962072682787|7749
962072682788|5108
962072682788|6068
962072682788|6414
962072682789|2022
962072682789|3024
962072682789|6881
962072682789|11704
962072682789|11948
962072683016|13075
824633729547|10563
824633729549|10358
824633729551|2017
824633729551|10358
824633729552|7868
824633729553|12962
824633729554|5097
824633729557|6475
481036345880|2877
481036345880|2992
481036345880|3075
481036345880|9164
481036345880|11543
481036345880|13611
481036345882|2992
481036345882|7092
481036345882|9164
481036345882|9268
481036345882|11543
481036345882|14423
481036345883|2065
481036345883|2893
481036345883|6107
481036345883|9164
481036345887|586
481036345887|2881
481036345887|3076
481036345887|7092
481036345887|9164
481036345887|14423
481036345889|139
481036345889|2992
481036345889|3081
481036345889|7604
481036345889|9339
481036345889|11543
481036345891|2065
481036345891|5920
481036345891|6403
481036345891|9164
824633729974|2925
824633729975|9088
824633729976|1410
824633729976|5103
824633729983|1410
824633729983|1753
824633729984|1410
824633729984|11539
824633729988|5103
824633729988|7051
824633729990|5030
1030792160206|12002
1030792160210|5191
1030792160211|1410
1030792160211|5132
1030792160211|9209
1030792160212|2022
1030792160213|5264
1030792160213|12002
1030792160216|1185
1030792160216|12002
1030792160217|5120
481036346336|1410
481036346336|9046
481036346337|1410
481036346337|11608
481036346340|6409
481036346340|11608
481036346343|1410
481036346343|2032
481036346343|11608
1030792160236|1410
1030792160236|2780
1030792160236|7560
1030792160238|1410
1030792160238|2780
1030792160238|5144
1030792160238|7560
1030792160238|11684
1030792160240|1410
1030792160240|2780
1030792160240|5127
1030792160240|7560
1030792160240|8183
1030792160246|1410
1030792160246|5112
1030792160249|1410
1030792160249|2061
755914253310|1410
755914253310|2918
755914253310|6112
755914253310|8043
755914253311|468
755914253311|2918
755914253311|5184
755914253311|9852
755914253312|1410
755914253312|9261
755914253312|11747
755914253316|2918
755914253316|5689
755914253316|8043
755914253316|12921
755914253317|2018
755914253317|2918
755914253317|6112
755914253317|9104
755914253318|2834
755914253318|13229
755914253320|6426
755914253320|13381
755914253323|468
755914253323|2112
755914253323|2918
755914253323|2984
755914253323|5184
755914253324|1410
755914253324|2918
755914253324|9162
755914253324|10662
687194776595|146
687194776595|1944
687194776595|7576
687194776595|9153
687194776595|9284
687194776595|12262
687194776595|14475
687194776600|7576
687194776600|8703
687194776600|9274
687194776600|9366
687194776600|14475
687194776601|1944
687194776601|2827
687194776601|3024
687194776601|7576
687194776601|12262
687194776601|14240
687194776601|14677
687194776603|2884
687194776603|5846
687194776603|7566
687194776603|7576
687194776603|12262
687194776609|2789
687194776609|2827
687194776609|6112
687194776609|6412
687194776609|6957
687194776611|1863
687194776611|2002
687194776611|6957
687194776611|9001
687194776611|10298
687194776611|11542
687194776612|1863
687194776612|2803
687194776612|6400
687194776612|6957
687194776612|11542
687194776612|12180
687194776613|2789
687194776613|2827
687194776613|3037
687194776613|5374
687194776613|6112
687194776613|6412
687194776613|6957
687194776613|6973
687194776614|1863
687194776614|5066
687194776614|5762
687194776614|6400
687194776614|6957
687194776614|11365
687194776614|12180
687194776615|1175
687194776615|1207
687194776615|1863
687194776615|5066
687194776615|5762
687194776615|6368
687194776615|6957
687194776615|7563
687194776618|1863
687194776618|2803
687194776618|2927
687194776618|6400
687194776618|6957
687194776618|11538
687194776618|15109
687194776620|2792
687194776620|2827
687194776620|6402
687194776620|6412
687194776620|9287
687194776620|12237
687194776624|1944
687194776624|2850
687194776624|6985
687194776624|7510
687194776624|13538
687194776630|787
687194776630|2060
687194776630|5099
687194776630|8041
687194776630|9351
687194776630|9834
687194776636|1187
687194776636|2882
687194776636|8285
687194776636|9355
687194776636|10265
687194776636|11985
1099511637316|148
1099511637316|2072
1099511637316|5126
1099511637316|11556
1099511637317|472
1099511637317|2093
1099511637317|11556
412316869968|5064
412316869969|2835
412316869971|2835
412316869971|13477
412316869972|2835
412316869972|5965
412316869973|2823
412316869974|2835
412316869974|8205
412316869975|9184
412316869976|2794
412316869976|9184
1030792160606|280
1030792160606|470
1030792160606|2017
1030792160606|2787
412316869985|1930
412316869985|2945
412316869985|4990
412316869985|6969
412316869985|11922
412316869985|13213
412316869988|1930
412316869988|2992
412316869988|8786
412316869988|10067
412316869988|12141
412316869988|13213
412316869992|1188
412316869992|1196
412316869992|1930
412316869992|2891
412316869992|8786
412316869992|12141
412316869995|1930
412316869995|4990
412316869995|9055
412316869995|11129
412316869995|11547
412316869997|1025
412316869997|1930
412316869997|6369
412316869997|12163
412316870000|1024
412316870000|1203
412316870000|1930
412316870000|5190
412316870000|10067
412316870000|11741
412316870000|13213
412316870001|2999
412316870001|3006
412316870001|6973
412316870001|11333
412316870001|11741
412316870003|590
412316870003|1930
412316870003|5176
412316870003|5599
412316870003|8702
412316870003|13917
412316870010|2869
412316870010|5599
412316870010|8702
412316870010|11699
412316870012|4950
412316870012|11582
412316870016|2869
412316870016|5599
412316870016|8099
412316870016|8702
412316870016|12603
1030792160956|139
1030792160956|2078
1030792160956|2853
1030792160956|5112
1030792160956|11408
1030792160957|1984
1030792160957|2078
1030792160957|2782
1030792160957|11408
1030792160958|2078
1030792160958|2813
1030792160958|9116
1030792160961|1940
1030792160961|9116
1030792160961|11093
1030792160963|1940
1030792160963|8755
1030792160963|9116
1030792160963|11347
1030792160965|2914
1030792160965|10339
1030792160965|11093
1030792160966|2078
1030792160966|2782
1030792160966|9486
1030792160966|11408
1030792160966|12347
1030792160969|1940
1030792160969|2834
1030792160969|9116
1030792160969|9223
1030792160969|11093
1030792160974|5682
1030792160974|7566
687194777298|1410
687194777298|2995
687194777298|5459
687194777298|11533
687194777298|11748
687194777299|1410
687194777299|5169
687194777299|7569
687194777299|11506
687194777299|11533
687194777301|1410
687194777301|2058
687194777301|3086
687194777301|5459
687194777301|7206
687194777301|11533
687194777301|11748
687194777303|1410
687194777303|1674
687194777303|3086
687194777303|5188
687194777303|7206
687194777303|7233
687194777303|9176
687194777303|11748
687194777310|1410
687194777310|2815
687194777310|5158
687194777310|9188
687194777310|10336
687194777310|11571
687194777312|1410
687194777312|2796
687194777312|2870
687194777312|5058
687194777312|6674
687194777312|7112
687194777312|7513
687194777312|9027
687194777312|9276
687194777320|1753
687194777320|2870
687194777320|5085
687194777320|6392
687194777320|6674
687194777320|7112
687194777320|8076
687194777320|9027
687194777320|10391
687194777321|1669
687194777321|2072
687194777321|2870
687194777321|5125
687194777321|6674
687194777321|9027
687194777321|10214
687194777321|13852
687194777322|797
687194777322|2072
687194777322|5076
687194777322|5125
687194777322|6674
687194777322|9331
687194777322|14013
687194777323|797
687194777323|1026
687194777323|5679
687194777323|6397
687194777323|9183
687194777323|9331
687194777327|468
687194777327|1410
687194777327|6426
687194777327|9276
687194777328|3027
687194777328|6426
687194777328|9276
687194777328|12938
687194777333|581
687194777333|6426
687194777333|12673
687194777340|1410
687194777340|6426
687194777340|6454
687194777340|7594
687194777341|1410
687194777341|3012
687194777341|5067
687194777341|9276
687194777343|1410
687194777343|6985
687194777343|7640
687194777343|9034
687194777343|11746
687194777346|1410
687194777346|5820
687194777346|11746
687194777346|11971
687194777346|12202
687194777350|3077
687194777350|5075
687194777350|5122
687194777350|6985
687194777350|11746
687194777352|6
687194777352|1410
687194777352|2845
687194777352|6985
687194777352|7989
687194777352|11746
687194777353|1410
687194777353|6413
687194777353|7556
687194777353|9034
687194777353|9165
687194777353|11746
687194777354|1410
687194777354|2897
687194777354|5161
687194777354|5247
687194777354|6393
687194777354|11250
687194777354|11574
687194777356|2061
687194777356|5075
687194777356|5122
687194777356|5155
687194777356|6985
687194777356|9034
687194777356|11746
687194777364|1410
687194777364|1672
687194777364|2992
687194777364|3016
687194777366|1410
687194777366|6798
687194777366|9224
687194777366|11754
687194777367|544
687194777367|1672
687194777367|12859
687194777376|9264
687194777376|11738
687194777379|5071
687194777380|2913
687194777380|9264
687194777383|1410
687194777383|2026
687194777385|788
687194777385|9264
687194777389|1410
687194777389|2063
687194777389|6363
687194777389|9175
687194777390|2073
687194777390|3074
687194777390|6363
687194777391|1410
687194777391|9356
687194777391|11597
618475301191|976
618475301191|10069
206158441125|2823
1099511638697|2092
687194778287|1538
687194778287|2794
687194778288|1538
687194778288|10975
687194778291|1538
687194778291|9243
687194778294|1172
687194778294|9243
687194778295|1538
687194778295|10975
687194778295|11544
687194778296|1172
687194778296|9146
687194778300|9210
687194778311|1202
687194778311|1453
687194778311|3043
687194778311|5085
687194778311|7511
687194778311|9339
687194778311|10222
687194778314|1175
687194778314|1404
687194778314|5085
687194778314|7511
687194778314|9127
687194778314|13871
687194778926|1445
687194778926|1909
687194778928|7887
687194778932|10555
687194778934|1200
549755825470|565
549755825470|1987
549755825470|12143
549755825474|3114
549755825476|565
549755825476|1987
549755825476|9069
549755825476|9264
549755825477|6733
343597395272|13816
687194778956|2002
687194778956|2818
687194778956|3062
687194778956|5120
687194778956|9032
687194778960|1185
687194778960|2891
687194778960|3062
687194778960|9032
687194778962|3062
687194778962|6971
687194778962|9032
687194778962|11409
687194778969|9178
687194778969|11280
687194778973|1987
687194778973|2919
687194778973|6414
687194778973|13047
687194778975|540
687194778975|7556
687194778975|11347
687194778977|2919
687194778977|6396
687194778977|9161
962072686186|2819
962072686186|12232
962072686187|2819
962072686187|12167
412316872348|5887
412316872348|9084
412316872348|10035
412316872352|1153
412316872352|1930
412316872352|2888
412316872352|5887
412316872352|7518
412316872352|9153
412316872357|1930
412316872357|2854
412316872357|2888
412316872357|7049
412316872360|7521
412316872360|14233
412316872362|1930
412316872362|2854
412316872362|2888
412316872362|5666
412316872362|14819
412316872364|2962
412316872364|5129
412316872364|5887
412316872372|1930
412316872372|6266
412316872372|6766
412316872372|7568
412316872372|7684
412316872372|9329
412316872372|9733
412316872372|12501
412316872376|2025
412316872376|6266
412316872376|6766
412316872376|7568
412316872376|7684
412316872376|9733
412316872376|10453
412316872376|11986
412316872376|12235
412316872379|1930
412316872379|2908
412316872379|3055
412316872379|3057
412316872379|7689
412316872379|7732
412316872379|7881
412316872379|9181
412316872379|9455
412316872379|15469
412316872382|6245
412316872382|6961
412316872382|11053
412316872383|2976
412316872383|6245
412316872383|9182
412316872383|11053
481036349130|2794
481036349130|2906
481036349130|6937
481036349130|14995
481036349139|2087
481036349139|2906
481036349139|5442
412316872409|2933
412316872409|5060
412316872409|5153
412316872409|5652
412316872409|7405
412316872409|10298
412316872409|12823
412316872409|14258
412316872409|14443
412316872416|2899
412316872416|2933
412316872416|5060
412316872416|5339
412316872416|5765
412316872416|6930
412316872416|13220
412316872421|1930
412316872421|5320
412316872421|6727
412316872421|7430
412316872423|298
412316872423|2047
412316872423|5170
412316872423|5179
412316872423|6945
412316872423|7018
412316872423|7049
412316872423|11333
412316872423|12768
412316872427|1930
412316872427|5171
412316872427|6945
412316872427|10226
412316872427|11712
412316872427|15036
