Comment.id|Place.id
824633720934|60
824633720935|60
618475291040|60
618475291041|60
618475291042|60
618475291043|60
618475291044|60
618475291045|60
618475291046|60
618475291047|60
618475291048|60
618475291049|60
618475291050|60
618475291051|60
618475291052|60
618475291053|60
618475291054|60
618475291055|60
618475291056|60
618475291057|60
618475291058|60
962072674740|60
962072674741|48
962072674742|48
962072674743|60
962072674744|60
962072674745|75
962072674746|48
824633721276|60
824633721277|97
824633721278|60
824633721279|48
824633721280|48
824633721281|97
824633721282|97
893353198020|97
893353198021|48
893353198022|60
893353198023|60
893353198024|60
893353198025|60
893353198026|60
893353198027|48
893353198028|48
893353198029|97
893353198030|97
893353198031|60
893353198032|60
893353198033|97
893353198034|48
893353198036|48
893353198037|97
893353198038|60
893353198039|48
893353198040|48
893353198041|60
893353198042|60
893353198043|48
893353198044|60
893353198045|48
893353198046|97
893353198047|97
893353198048|97
893353198049|60
549755815266|85
549755815267|45
549755815268|85
549755815269|4
549755815270|4
549755815271|85
549755815272|73
549755815273|4
893353198955|79
893353198956|79
893353198957|60
893353198958|79
893353198959|85
893353198960|4
893353198961|60
893353198962|48
893353198963|85
893353198964|48
893353198965|48
893353198966|48
893353198968|60
893353198969|79
1030792152443|4
1030792152444|0
1030792152445|50
1030792152446|50
1030792152447|0
1030792152448|50
1030792152449|50
1030792152450|101
1030792152451|0
1030792152452|0
1030792152453|4
1030792152454|50
1030792152455|48
1030792152456|101
1030792152457|50
1030792152458|48
412316861836|52
412316861837|52
412316861838|52
412316861839|52
412316861840|52
412316861841|52
412316861842|52
412316861843|52
412316861844|52
412316861845|52
412316861846|52
412316861847|52
412316861848|52
412316861849|52
412316861850|52
412316861851|52
412316861852|52
549755815326|101
549755815327|101
549755815328|101
755914245538|4
755914245539|60
755914245540|4
755914245541|4
755914245542|60
755914245543|60
755914245544|4
755914245545|60
755914245546|60
755914245547|4
755914245548|4
755914246179|60
755914246180|1
755914246181|65
755914246182|56
755914246183|0
755914246184|50
755914246185|1
755914246186|0
755914246187|50
755914246188|60
755914246189|0
755914246190|60
755914246191|60
755914246192|0
755914246193|0
755914246194|60
755914246195|0
755914246196|65
755914246197|50
755914246521|1
755914246522|78
755914246523|82
755914246524|78
755914246525|0
755914246526|78
755914246527|0
755914246528|0
755914246529|82
755914246530|0
755914246531|82
755914246532|78
1030792153478|82
1030792153479|0
1030792153480|82
1030792153481|78
1030792153482|1
1030792153483|1
1030792153484|0
893353200014|78
893353200015|56
893353200016|82
893353200017|78
893353200018|1
893353200019|78
893353200020|78
893353200021|82
893353200022|56
893353200023|69
893353200024|82
893353200025|78
893353200026|56
893353200027|1
893353200028|82
893353200029|82
893353200030|0
962072676768|1
962072676769|1
893353200035|0
893353200036|78
893353200037|1
893353200038|78
893353200039|82
893353200040|1
893353200041|78
893353200042|82
893353200043|56
893353200044|78
893353200045|0
687194770314|1
687194770315|1
687194770316|48
687194770317|1
687194770318|1
412316863376|1
412316863377|1
412316863378|1
412316863379|1
412316863380|1
412316863381|1
412316863382|1
412316863383|1
687194770329|1
687194770330|0
687194770331|1
687194770332|1
962072677495|0
962072677496|60
962072677497|0
962072677498|0
962072677499|70
962072677500|54
962072677501|60
962072677502|48
962072677503|9
962072677504|0
962072677505|0
962072677506|0
962072677507|57
962072677508|0
755914247302|0
755914247303|0
755914247304|0
755914247305|0
755914247306|0
755914247307|0
755914247308|0
755914247309|0
824633724047|0
824633724048|0
824633724049|60
824633724050|0
824633724051|0
824633724052|0
824633724053|0
824633724054|0
824633724055|0
824633724056|0
824633724057|0
824633724058|0
824633724059|0
824633724060|0
824633724061|0
824633724063|0
824633724064|48
824633724065|0
824633724066|48
824633724067|0
824633724068|60
824633724069|0
824633724070|0
893353200938|60
893353200939|54
893353200940|59
893353200941|56
893353200942|56
893353200943|53
893353200944|56
893353200945|92
1030792154420|58
1030792154421|0
1030792154422|53
1030792154423|56
1030792154424|59
1030792154425|56
1030792154426|59
1030792154427|58
1030792154428|0
1030792154429|54
1030792154430|92
1030792154431|0
1030792154432|53
412316863810|0
412316863811|98
412316863812|101
412316863813|0
412316863814|94
412316863815|101
412316863816|56
412316863817|0
412316863818|0
412316863819|101
412316863820|30
412316863821|101
412316863822|56
412316863823|0
412316863824|50
412316863825|56
824633724243|59
824633724244|0
824633724245|92
824633724246|92
824633724247|49
824633724248|0
824633724249|0
824633724250|92
755914247516|0
755914247517|58
755914247518|92
755914247519|0
755914247520|60
755914247521|101
343597387107|0
343597387108|0
274877910374|98
274877910375|0
274877910376|56
274877910377|0
274877910378|98
274877910379|94
274877910380|0
274877910381|53
274877910382|56
274877910383|0
274877910384|98
274877910385|0
274877910386|98
755914247540|50
755914247541|94
755914247542|53
755914247543|92
755914247544|0
755914247545|53
755914247546|92
755914247547|54
755914247548|0
687194770814|0
687194770815|94
893353201025|58
893353201026|53
412316863876|53
412316863877|50
412316863878|53
412316863879|56
412316863880|56
412316863881|94
412316863882|98
412316863883|101
412316863884|53
412316863885|94
412316863886|101
412316863887|50
412316863888|56
412316863889|50
412316863890|0
412316863891|56
412316863892|0
412316863893|56
412316863894|0
412316863895|53
412316863913|56
412316863914|0
412316863915|0
412316863916|98
412316863917|56
412316863918|53
962072677808|54
962072677809|101
962072677810|58
962072677811|48
962072677812|56
962072677813|92
962072677814|59
962072677815|92
962072677816|92
962072677817|59
962072677818|58
962072677819|101
962072677820|50
755914247614|56
755914247615|48
755914247616|98
755914247617|48
755914247618|94
755914247619|92
755914247620|0
755914247621|0
755914247622|60
755914247623|56
755914247624|58
755914247625|0
755914247626|105
755914247627|0
755914247628|101
687194770894|54
687194770895|53
687194770896|98
687194770897|98
687194770898|0
687194770899|58
687194770900|98
687194770901|58
687194770902|0
687194770903|98
687194770904|58
687194770905|60
687194770906|54
687194770907|92
687194770908|92
618475294174|101
618475294175|101
618475294176|56
618475294177|56
618475294178|53
618475294179|94
618475294180|59
618475294181|0
481036340711|25
481036340712|101
481036340713|0
481036340714|98
481036340715|56
481036340716|101
481036340717|56
481036340718|0
481036340719|50
481036340720|53
481036340721|98
481036340722|0
481036340723|0
481036340724|94
481036340725|0
481036340726|59
481036340727|94
481036340728|0
274877910522|53
274877910523|53
274877910524|94
274877910525|94
274877910526|94
274877910527|53
274877910528|53
274877910529|98
274877910530|98
274877910531|0
274877910532|56
274877910533|53
274877910534|98
274877910535|98
549755817481|94
549755817482|56
549755817483|50
549755817484|56
549755817485|0
274877910543|53
274877910544|53
274877910545|98
274877910546|0
274877910547|56
274877910548|56
274877910549|0
274877910550|98
274877910551|53
274877910552|98
274877910553|53
274877910554|56
274877910555|98
274877910556|25
274877910557|53
274877910558|53
274877910559|98
274877910560|56
549755817506|98
549755817507|58
824633724453|60
824633724454|0
824633724455|50
824633724456|98
755914247722|0
755914247723|92
755914247724|50
755914247725|59
755914247726|0
824633724464|98
824633724465|0
824633724466|0
824633724467|50
824633724468|59
824633724469|50
824633724470|0
824633724471|92
824633724472|53
824633724473|0
824633724474|58
824633724475|0
755914247741|0
755914247742|56
755914247743|56
755914247744|56
755914247745|60
755914247746|50
755914247747|58
755914247748|59
755914247749|101
755914247752|94
755914247753|0
755914247754|107
755914247755|58
824633724493|50
824633724494|48
824633724495|0
824633724496|92
824633724497|101
824633724498|58
824633724499|0
824633724500|60
824633724501|0
824633724502|101
824633724503|98
824633724504|92
755914247770|50
824633724508|48
824633724509|53
824633724511|0
824633724512|92
824633724513|92
824633724514|56
824633724516|92
824633724517|50
824633724518|0
824633724519|54
824633724520|94
824633724521|50
824633724522|0
824633724523|56
824633724524|94
824633724525|92
824633724526|56
824633724527|48
824633724528|54
824633724529|0
824633724530|98
824633724532|101
824633724533|0
824633724534|0
824633724535|50
824633724536|0
824633724537|60
824633724538|98
755914247804|0
755914247805|48
755914247806|0
755914247807|0
755914247808|0
755914247809|53
755914247810|0
755914247811|60
755914247812|92
755914247813|0
755914247814|0
755914247815|98
755914247816|0
755914247818|98
824633724556|50
824633724557|98
824633724558|50
343597387436|70
343597387437|98
343597387438|98
343597387439|98
343597387440|70
343597387441|98
343597387442|1
343597387443|98
343597387444|98
343597387445|70
343597387446|70
343597387447|52
343597387448|70
343597387449|70
343597387458|1
343597387459|98
343597387460|1
343597387461|52
343597387462|98
343597387463|70
343597387464|52
343597387465|52
343597387466|52
343597387467|1
343597387468|52
343597387469|1
343597387470|1
343597387471|70
824633724625|1
824633724626|70
824633724627|93
824633724628|60
824633724629|49
412316864215|104
412316864216|70
412316864217|98
412316864218|70
412316864219|70
412316864220|1
412316864221|1
412316864222|93
412316864223|93
412316864224|98
412316864225|1
412316864226|52
412316864227|70
412316864228|70
412316864229|93
412316864230|1
412316864231|43
412316864232|98
412316864233|1
412316864234|98
343597387500|98
343597387501|98
343597387502|52
343597387503|52
343597387504|98
274877910770|70
274877910771|52
274877910772|70
412316864246|1
412316864247|52
412316864248|52
412316864249|1
893353201403|93
893353201404|98
824633725016|4
824633725017|4
824633725018|4
824633725019|0
824633725020|48
824633725021|0
824633725022|0
824633725025|4
824633725026|0
824633725027|0
824633725028|48
824633725029|0
824633725030|48
824633725031|4
824633725032|4
824633725033|0
824633725034|85
824633725035|0
824633725036|0
824633725037|48
824633725038|0
687194771573|48
1030792155645|0
1030792155647|53
1030792155648|1
1030792155649|53
1030792155650|80
1030792155651|1
1030792155652|82
1030792155653|60
1030792155654|56
1030792155655|53
1030792155656|82
1030792155657|56
1030792155658|0
1030792155660|82
1030792155661|100
1030792155662|1
1030792155663|50
1030792155664|0
1030792155665|50
1030792155666|0
1030792155667|1
1030792155668|53
618475295254|60
618475295255|65
618475295256|53
618475295257|53
618475295258|1
618475295259|53
618475295260|53
618475295261|53
618475295262|53
618475295263|0
618475295264|1
618475295265|1
618475295266|1
618475295267|60
618475295268|0
618475295269|65
618475295270|53
618475295271|78
618475295272|60
618475295273|1
549755818552|50
549755818553|100
549755818554|1
549755818555|65
549755818556|100
549755818557|100
549755818558|100
893353202256|53
893353202257|48
893353202258|0
893353202259|0
893353202260|1
893353202261|53
893353202262|50
893353202263|50
893353202264|82
893353202265|0
893353202266|60
893353202267|48
893353202268|0
893353202269|60
687194772063|58
687194772064|50
687194772065|53
687194772066|0
687194772067|0
687194772068|1
687194772069|0
687194772070|58
893353202280|53
893353202281|0
893353202282|100
893353202283|1
893353202284|50
893353202285|72
893353202286|0
893353202287|0
893353202288|88
893353202289|1
893353202290|58
893353202291|56
893353202292|65
893353202293|100
893353202294|0
893353202295|53
687194772089|0
687194772090|58
687194772091|65
687194772092|78
687194772093|60
687194772094|100
687194772095|78
687194772096|65
687194772097|100
687194772098|48
687194772099|0
687194772100|48
687194772101|48
687194772102|60
687194772103|1
687194772104|1
687194772105|65
687194772107|0
687194772108|1
687194772109|0
687194772110|100
687194772111|65
687194772112|0
687194772114|0
687194772115|58
824633725780|50
824633725782|50
824633725783|52
824633725784|52
824633725785|50
824633725786|50
824633725787|101
824633725788|52
824633725789|50
893353202538|101
893353202539|1
893353202540|0
893353202541|52
893353202542|82
893353202543|0
893353202544|0
893353202545|0
893353202546|1
893353202548|85
893353202549|110
893353202550|93
893353202551|50
893353202552|56
893353202554|50
893353202555|50
962072679293|51
962072679294|53
962072679295|85
962072679296|1
962072679297|110
962072679298|52
962072679299|82
962072679300|93
962072679301|67
962072679302|0
962072679303|1
962072679304|56
962072679305|50
962072679306|1
962072679307|0
962072679308|0
962072679309|0
893353202612|56
893353202613|50
893353202614|58
893353202615|52
893353202616|1
893353202617|58
893353202618|59
893353202619|1
893353202620|56
893353202621|101
893353202622|101
893353202623|58
893353202624|0
893353202625|50
893353202626|53
893353202627|1
824633725893|0
1030792156159|48
1030792156160|1
1030792156161|0
1030792156162|0
1030792156163|0
1030792156164|0
1030792156165|58
1030792156203|0
1030792156204|52
1030792156205|0
1030792156206|59
1030792156207|0
1030792156208|56
1030792156210|1
1030792156211|0
1030792156212|0
1030792156250|0
1030792156251|53
1030792156252|53
1030792156253|110
1030792156254|0
1030792156255|58
1099511632992|1
1099511632993|53
1030792156258|96
1030792156259|82
962072679569|50
962072679570|93
962072679571|0
962072679572|50
962072679573|0
1030792156324|52
1030792156325|0
1030792156326|59
1030792156327|56
1030792156328|50
1030792156329|110
1030792156330|110
1030792156331|110
1030792156332|92
1030792156333|1
893353202863|50
893353202864|1
893353202865|53
893353202866|93
893353202867|101
893353202868|1
893353202869|0
893353202870|0
893353202871|1
893353202872|101
893353202873|59
893353202874|85
893353202875|1
893353202876|59
1030792156350|4
1030792156351|0
1030792156352|50
1030792156354|98
1030792156355|0
824633726149|0
824633726150|0
824633726151|53
824633726152|59
824633726153|93
824633726154|0
824633726155|0
824633726156|101
824633726157|50
824633726158|1
824633726159|50
824633726160|1
824633726161|93
824633726162|0
824633726163|59
824633726164|0
824633726165|85
824633726166|59
824633726167|56
1030792156393|58
1030792156394|96
1030792156395|1
1030792156396|1
1030792156397|1
1030792156398|53
1030792156399|0
1030792156400|54
1030792156401|110
1030792156402|0
1030792156403|53
1030792156404|0
1030792156405|1
1030792156406|54
1030792156407|0
1030792156408|52
1030792156409|4
1030792156410|54
893353202962|50
893353202963|110
893353202964|1
893353202965|82
893353202966|50
893353202967|101
893353202968|101
893353202969|0
893353202970|58
824633726442|59
824633726443|59
824633726444|0
824633726445|1
824633726446|101
824633726447|110
824633726448|56
824633726449|110
824633726450|105
824633726451|50
824633726452|1
824633726453|0
824633726454|93
824633726455|56
824633726456|93
824633726458|82
824633726459|101
824633726460|82
824633726461|0
824633726462|110
824633726463|82
1030792156673|110
1030792156674|50
1030792156675|98
1030792156676|0
1030792156677|60
1030792156678|0
1030792156679|50
1030792156680|50
1030792156681|1
1030792156682|98
1030792156683|58
1030792156684|4
1030792156685|1
1030792156686|56
1030792156687|53
1030792156688|0
1030792156689|1
824633726483|53
824633726484|52
824633726485|1
824633726486|110
824633726487|56
824633726488|85
824633726489|56
824633726490|101
824633726491|101
824633726492|0
824633726493|1
824633726494|0
824633726495|0
824633726496|85
824633726497|50
824633726504|52
824633726505|0
824633726506|1
824633726507|52
824633726508|59
824633726509|59
824633726510|110
824633726511|82
824633726512|0
824633726513|50
824633726514|82
824633726515|1
893353203253|50
893353203254|110
893353203255|1
893353203256|0
893353203257|52
893353203258|59
893353203259|1
893353203260|85
893353203261|50
893353203262|50
893353203263|110
893353203264|110
893353203265|56
893353203266|0
893353203267|0
893353203268|53
893353203269|53
893353203270|53
893353203284|85
893353203285|0
893353203286|0
893353203287|58
893353203288|59
893353203289|0
893353203290|0
893353203291|93
893353203292|93
893353203293|53
893353203294|0
893353203295|0
893353203296|85
893353203297|0
893353203298|82
893353203299|1
893353203300|110
893353203301|53
893353203302|59
893353203303|0
1030792156932|96
1030792156933|53
1030792156934|1
1030792156935|50
962072680220|82
962072680221|1
962072680222|110
962072680223|110
962072680224|0
962072680225|1
962072680226|101
962072680227|101
962072680228|1
962072680229|0
824633726759|85
824633726760|50
824633726761|82
824633726762|93
824633726763|1
824633726764|93
824633726765|50
824633726766|1
1030792156998|1
1030792156999|0
1030792157000|0
1030792157001|59
1030792157002|59
1030792157064|110
1030792157065|96
1030792157066|1
1030792157067|58
1030792157068|58
1030792157069|1
1030792157070|1
1030792157071|53
1030792157072|0
1030792157073|1
1030792157074|82
1030792157075|50
1030792157076|0
1030792157077|1
1030792157078|110
1030792157079|96
1030792157080|85
1030792157081|54
1030792157133|50
1030792157134|0
1030792157135|85
1030792157136|56
1030792157137|93
1030792157138|1
1030792157139|58
1030792157140|93
1030792157141|52
1030792157142|1
1030792157143|53
1030792157144|82
1030792157145|54
1030792157146|1
1030792157147|53
1030792157148|0
1030792157149|50
1030792157150|48
1030792157190|0
1030792157191|53
1030792157192|54
1030792157193|48
1030792157194|4
1030792157195|50
1030792157196|110
1030792157197|110
1030792157198|96
1030792157199|59
1030792157200|93
1030792157201|0
1030792157202|48
1030792157203|1
1030792157204|0
1030792157205|1
1030792157206|4
893353203736|82
893353203737|1
893353203738|0
893353203739|56
893353203740|85
893353203741|53
893353203742|82
893353203743|110
893353203744|50
893353203745|0
893353203746|0
893353203747|0
893353203748|1
893353203749|58
893353203750|1
893353203751|50
893353203752|0
893353203753|101
893353203754|0
893353203755|50
824633727040|59
824633727041|0
824633727042|50
824633727043|59
824633727044|50
824633727045|93
824633727046|0
824633727047|0
824633727048|1
824633727049|93
824633727050|0
824633727051|101
824633727052|85
824633727053|71
824633727054|93
824633727055|56
962072680529|50
962072680530|110
962072680531|0
962072680532|1
962072680533|0
962072680534|0
962072680535|1
962072680537|0
962072680538|0
962072680539|59
962072680540|1
962072680541|82
962072680542|52
962072680543|50
962072680544|1
962072680545|50
962072680546|50
962072680547|59
962072680548|82
962072680549|1
962072680551|56
962072680553|50
962072680554|56
962072680555|1
962072680556|0
962072680557|50
962072680558|52
962072680559|0
962072680560|56
962072680561|59
962072680562|0
962072680563|50
962072680564|107
962072680565|1
962072680566|101
962072680567|82
962072680568|93
962072680569|0
962072680570|58
962072680572|0
962072680573|110
962072680574|0
962072680575|85
962072680576|101
962072680577|93
962072680578|53
962072680579|110
962072680580|0
962072680581|74
962072680582|33
962072680583|1
962072680584|59
962072680585|101
962072680586|85
962072680587|52
962072680588|58
962072680589|0
824633727119|52
824633727120|0
824633727121|110
824633727122|110
824633727123|0
824633727124|1
824633727125|110
824633727126|50
824633727127|50
824633727128|0
824633727129|1
824633727130|53
824633727131|82
824633727132|50
824633727134|52
824633727135|53
824633727136|110
962072680610|53
962072680611|0
962072680612|85
962072680613|50
962072680614|38
962072680615|50
962072680616|110
962072680617|58
962072680618|1
962072680619|0
962072680620|93
962072680621|0
962072680622|0
962072680623|52
962072680624|101
962072680625|1
962072680626|59
824633727156|1
824633727157|59
824633727158|1
824633727159|0
824633727160|56
824633727161|110
824633727162|110
824633727163|0
824633727164|1
824633727165|1
824633727166|93
824633727167|93
824633727168|0
962072680642|101
962072680643|1
962072680644|85
962072680647|0
962072680648|58
962072680649|0
962072680650|101
962072680651|101
962072680652|82
962072680653|1
962072680654|59
962072680655|0
962072680656|1
962072680658|58
962072680659|1
962072680660|82
962072680661|93
962072680662|82
962072680663|110
962072680664|52
962072680665|53
962072680666|82
962072680668|50
962072680669|53
962072680670|58
962072680671|110
962072680672|1
962072680673|50
962072680674|85
962072680675|101
962072680676|53
962072680678|76
962072680679|54
962072680680|50
962072680681|1
962072680682|1
962072680683|50
962072680684|0
962072680685|70
962072680686|1
962072680687|0
962072680688|1
962072680689|52
962072680690|50
962072680691|50
962072680692|50
962072680694|59
962072680695|56
962072680696|50
962072680697|50
962072680698|56
962072680699|53
962072680700|82
962072680701|50
962072680702|0
962072680703|58
962072680704|50
962072680705|93
962072680706|1
962072680707|1
962072680708|50
962072680709|7
962072680710|52
962072680711|1
824633727242|110
824633727243|56
824633727244|1
824633727245|53
824633727246|82
824633727247|50
962072680961|4
962072680962|60
962072680963|4
962072680964|0
962072680965|67
962072680966|0
962072680967|0
893353204369|1
893353204370|25
893353204371|52
893353204372|97
893353204373|53
893353204377|48
893353204378|18
893353204379|96
893353204380|53
893353204381|1
893353204382|52
893353204383|71
893353204384|1
893353204385|110
893353204386|52
893353204387|0
893353204388|50
893353204389|0
893353204390|98
893353204391|78
893353204392|71
893353204393|61
962072681131|48
962072681132|4
962072681133|96
962072681134|110
962072681135|71
962072681136|52
962072681137|78
962072681138|25
962072681139|52
962072681140|4
962072681141|0
962072681142|20
962072681143|78
962072681144|0
962072681145|4
962072681146|78
962072681339|98
962072681340|88
962072681341|1
962072681342|52
962072681343|0
962072681344|52
962072681345|1
962072681346|75
962072681347|4
962072681348|0
687194774406|4
687194774407|52
687194774408|1
687194774409|1
687194774410|4
687194774411|1
687194774412|1
1099511634848|0
1099511634849|56
1099511634850|1
1099511634851|56
1099511634852|1
1099511634853|92
1099511634854|1
1099511634855|56
1099511634856|100
1099511634857|90
1099511634858|54
1099511634859|65
1099511634860|50
1099511634861|54
1030792158164|0
1030792158165|92
1030792158166|92
1030792158167|101
1030792158168|72
1030792158169|92
1030792158170|90
1030792158171|92
1030792158172|53
1030792158173|59
1030792158174|51
1030792158175|101
1030792158176|25
1030792158177|56
1030792158178|0
1030792158179|71
1030792158180|51
1030792158181|59
1030792158182|0
1030792158183|92
962072681853|1
962072681854|52
962072681855|0
962072681856|35
962072681857|50
893353205123|52
893353205124|52
893353205125|52
893353205126|92
893353205127|97
893353205128|92
824633728394|101
824633728395|92
824633728396|97
824633728397|48
824633728398|48
824633728399|49
824633728400|97
824633728401|1
824633728402|48
824633728403|52
824633728404|98
824633728405|92
824633728406|92
824633728407|97
824633728408|92
824633728409|101
893353205147|1
893353205148|98
893353205149|52
893353205150|97
687194774944|1
687194774945|101
687194774946|92
687194774947|1
687194774948|92
687194774949|101
687194774950|92
687194774951|92
687194774952|97
687194774954|92
687194774955|101
687194774956|1
687194774957|1
687194774958|1
687194774959|98
687194774961|101
687194774962|101
687194774963|97
687194774964|97
687194774965|98
687194774966|52
1030792158649|48
1030792158650|0
1030792158651|1
1030792158652|50
1030792158653|12
962072681919|48
962072681920|2
343597391298|50
343597391299|0
343597391300|50
824633728454|85
893353205192|50
893353205193|0
893353205194|0
893353205195|0
893353205196|50
893353205197|0
893353205198|85
893353205199|0
893353205200|0
893353205201|50
893353205202|50
893353205203|0
893353205204|48
893353205205|0
962072681943|0
962072681944|0
962072681945|0
962072681946|50
962072681947|9
962072681948|0
962072681949|50
962072681950|85
962072681951|85
962072681952|50
962072681953|0
962072681954|50
962072681955|0
962072681956|50
206158437862|50
206158437863|50
206158437864|0
274877914613|50
274877914614|0
274877914615|50
274877914616|50
274877914617|50
274877914618|0
274877914619|50
274877914620|0
274877914621|0
274877914622|50
274877914623|50
274877914624|0
274877914625|0
274877914626|0
274877914628|0
274877914629|50
274877914630|50
274877914631|0
274877914632|50
274877914633|50
1030792159476|0
1030792159477|0
1030792159478|0
1030792159479|0
1030792159480|0
1030792159481|0
1030792159482|48
1030792159483|0
1030792159484|0
1030792159485|0
1030792159486|0
1030792159487|0
1030792159488|0
1030792159489|0
1030792159490|0
1030792159501|0
1030792159502|0
1030792159503|0
1030792159504|0
1030792159505|48
1030792159506|94
1030792159507|48
1030792159508|0
1030792159509|0
1030792159510|0
1030792159511|0
1030792159512|48
1030792159513|0
1030792159514|0
1030792159515|0
1030792159516|0
618475299102|0
962072682784|0
962072682785|0
962072682786|0
962072682787|0
962072682788|0
962072682789|0
962072683007|4
962072683008|49
962072683009|4
962072683010|53
962072683011|70
962072683012|4
962072683013|49
962072683014|4
962072683015|4
962072683016|4
824633729546|70
824633729547|60
824633729548|4
824633729549|70
824633729550|4
824633729551|49
824633729552|4
824633729553|60
824633729554|60
824633729555|70
824633729556|53
824633729557|49
824633729558|49
481036345880|53
481036345881|70
481036345882|53
481036345883|70
481036345884|70
481036345885|70
481036345886|53
481036345887|70
481036345888|53
481036345889|53
481036345890|53
481036345891|53
824633729973|0
824633729974|0
824633729975|4
824633729976|48
824633729977|0
824633729978|50
824633729979|4
824633729980|50
824633729981|50
824633729982|0
824633729983|0
824633729984|4
824633729985|0
824633729986|48
824633729987|4
824633729988|4
824633729989|0
824633729990|4
1030792160200|0
1030792160201|77
1030792160202|50
1030792160203|1
1030792160204|0
1030792160205|0
1030792160206|50
1030792160207|0
1030792160208|4
1030792160209|50
1030792160210|1
1030792160211|0
1030792160212|0
1030792160213|1
1030792160214|0
1030792160215|4
1030792160216|0
1030792160217|0
481036346331|0
481036346332|0
481036346333|0
481036346334|50
481036346335|0
481036346336|50
481036346337|0
481036346338|50
481036346339|50
481036346340|0
481036346341|0
481036346342|50
481036346343|0
481036346344|0
481036346345|0
481036346346|0
1030792160236|48
1030792160237|1
1030792160238|1
1030792160239|0
1030792160240|1
1030792160241|0
1030792160242|3
1030792160243|50
1030792160244|50
1030792160246|1
1030792160247|0
1030792160248|48
1030792160249|4
1030792160250|1
1030792160251|50
1030792160252|1
755914253310|0
755914253311|48
755914253312|0
755914253313|48
755914253314|0
755914253315|0
755914253316|0
755914253317|50
755914253318|0
755914253319|48
755914253320|50
755914253321|70
755914253322|4
755914253323|48
755914253324|0
755914253325|50
687194776591|0
687194776593|0
687194776594|4
687194776595|0
687194776596|4
687194776597|50
687194776598|48
687194776599|48
687194776600|50
687194776601|50
687194776602|0
687194776603|48
687194776604|0
687194776605|0
687194776606|0
687194776608|48
687194776609|0
687194776610|0
687194776611|0
687194776612|50
687194776613|4
687194776614|48
687194776615|0
687194776616|0
687194776617|0
687194776618|50
687194776619|50
687194776620|4
687194776622|0
687194776623|0
687194776624|0
687194776625|0
687194776626|0
687194776628|0
687194776629|0
687194776630|48
687194776632|4
687194776633|0
687194776634|0
687194776635|0
687194776636|50
1099511637315|48
1099511637316|70
1099511637317|70
1099511637318|1
1099511637321|53
1099511637322|70
412316869964|70
412316869965|70
412316869966|53
412316869967|70
412316869968|53
412316869969|50
412316869970|70
412316869971|50
412316869972|50
412316869973|50
412316869974|53
412316869975|53
412316869976|70
412316869977|50
412316869978|70
1030792160604|50
1030792160605|60
1030792160606|53
1030792160607|53
412316869985|53
412316869986|50
412316869987|70
412316869988|53
412316869989|70
412316869990|53
412316869991|70
412316869992|50
412316869993|70
412316869994|70
412316869995|50
412316869996|50
412316869997|70
412316869998|53
412316869999|50
412316870000|70
412316870001|50
412316870003|53
412316870004|64
412316870005|53
412316870006|70
412316870007|50
412316870008|70
412316870009|53
412316870010|50
412316870011|50
412316870012|70
412316870013|53
412316870014|70
412316870015|50
412316870016|50
412316870017|53
1030792160956|97
1030792160957|72
1030792160958|0
1030792160959|4
1030792160960|101
1030792160961|97
1030792160962|0
1030792160963|0
1030792160964|47
1030792160965|1
1030792160966|52
1030792160967|60
1030792160968|97
1030792160969|50
1030792160970|4
1030792160971|0
1030792160972|96
1030792160973|0
1030792160974|4
687194777297|97
687194777298|97
687194777299|0
687194777300|50
687194777301|65
687194777302|50
687194777303|50
687194777304|0
687194777305|97
687194777306|78
687194777308|50
687194777309|50
687194777310|50
687194777311|25
687194777312|97
687194777313|65
687194777314|97
687194777315|101
687194777316|97
687194777317|101
687194777318|91
687194777319|97
687194777320|25
687194777321|0
687194777322|0
687194777323|50
687194777324|25
687194777326|25
687194777327|25
687194777328|78
687194777329|50
687194777330|97
687194777331|50
687194777332|25
687194777333|25
687194777334|97
687194777335|50
687194777336|65
687194777337|65
687194777338|50
687194777339|0
687194777340|25
687194777341|50
687194777343|97
687194777344|97
687194777345|97
687194777346|25
687194777347|65
687194777348|25
687194777349|25
687194777350|78
687194777351|0
687194777352|25
687194777353|65
687194777354|50
687194777355|0
687194777356|97
687194777357|65
687194777358|97
687194777359|65
687194777360|97
687194777361|97
687194777363|25
687194777364|97
687194777365|101
687194777366|25
687194777367|101
687194777368|65
687194777369|25
687194777371|25
687194777373|0
687194777374|101
687194777375|0
687194777376|0
687194777377|25
687194777378|101
687194777379|65
687194777380|25
687194777381|25
687194777382|101
687194777383|101
687194777384|97
687194777385|78
687194777386|101
687194777387|97
687194777389|97
687194777390|50
687194777391|25
687194777392|50
618475301190|53
618475301191|53
618475301192|53
618475301193|52
618475301194|53
618475301195|53
618475301196|53
206158441125|50
206158441126|52
206158441127|50
1099511638697|50
687194778283|1
687194778284|60
687194778285|52
687194778287|52
687194778288|60
687194778289|50
687194778290|52
687194778291|60
687194778292|50
687194778293|73
687194778294|50
687194778295|50
687194778296|52
687194778297|50
687194778298|50
687194778299|50
687194778300|60
687194778301|1
687194778302|50
687194778303|52
687194778305|1
687194778307|60
687194778308|52
687194778309|52
687194778310|60
687194778311|14
687194778312|52
687194778313|60
687194778314|52
687194778924|52
687194778925|52
687194778926|70
687194778927|52
687194778928|52
687194778929|14
687194778930|52
687194778931|70
687194778932|52
687194778933|52
687194778934|70
687194778935|52
687194778936|52
687194778937|70
687194778938|70
687194778939|70
687194778940|52
549755825470|70
549755825471|52
549755825472|52
549755825473|52
549755825474|70
549755825475|70
549755825476|70
549755825477|70
549755825478|52
343597395272|70
343597395273|70
343597395274|52
687194778956|70
687194778957|70
687194778958|70
687194778959|70
687194778960|52
687194778961|70
687194778962|52
687194778963|52
687194778964|70
687194778965|52
687194778968|52
687194778969|52
687194778970|70
687194778971|70
687194778972|70
687194778973|52
687194778974|70
687194778975|52
687194778976|70
687194778977|52
687194778978|52
549755825509|70
962072686186|50
962072686187|11
412316872348|86
412316872349|50
412316872350|50
412316872351|50
412316872352|50
412316872353|86
412316872354|86
412316872355|50
412316872356|50
412316872357|50
412316872358|86
412316872359|50
412316872360|50
412316872361|50
412316872362|86
412316872363|50
412316872364|50
412316872365|50
412316872366|50
412316872367|50
412316872369|86
412316872370|86
412316872371|50
412316872372|50
412316872373|50
412316872374|50
412316872375|86
412316872376|86
412316872377|50
412316872378|50
412316872379|50
412316872381|86
412316872382|86
412316872383|50
412316872384|50
412316872385|86
412316872386|86
412316872387|50
412316872388|86
412316872389|86
481036349127|50
481036349128|86
481036349129|50
481036349130|50
481036349131|86
481036349132|50
481036349133|86
481036349134|86
481036349135|86
481036349136|50
481036349137|86
481036349138|86
481036349139|50
481036349140|50
481036349141|50
481036349142|86
412316872408|86
412316872409|50
412316872410|86
412316872411|50
412316872412|86
412316872413|50
412316872414|50
412316872415|50
412316872416|50
412316872418|50
412316872419|50
412316872420|50
412316872421|50
412316872423|86
412316872424|50
412316872425|86
412316872426|50
412316872427|50
412316872428|50
412316872429|86
412316872430|86
412316872431|50
