id|title|creationDate
824633720832|Wall of Jose Alonso|2012-02-15T13:41:11.645+0000
1030792151041|Album 0 of Jose Alonso|2012-07-31T18:34:11.184+0000
1099511627778|Album 1 of Jose Alonso|2012-09-12T15:31:01.983+0000
1030792151043|Album 2 of Jose Alonso|2012-08-05T16:34:22.099+0000
824633720836|Album 3 of Jose Alonso|2012-02-15T15:11:55.297+0000
962072674310|Album 5 of Jose Alonso|2012-06-02T00:52:58.023+0000
893353197576|Album 7 of Jose Alonso|2012-05-05T20:20:48.263+0000
549755813900|Wall of Chong Zhang|2011-05-06T23:28:52.927+0000
618475290637|Wall of Cam Loan|2011-08-23T01:25:17.137+0000
206158430222|Wall of Alexei Feltsman|2010-07-11T03:44:48.819+0000
618475290639|Album 0 of Alexei Feltsman|2011-07-09T19:03:46.891+0000
962072674320|Album 1 of Alexei Feltsman|2012-05-17T15:54:16.524+0000
343597383697|Album 2 of Alexei Feltsman|2010-11-25T23:08:43.379+0000
481036337170|Album 3 of Alexei Feltsman|2011-03-25T21:05:49.226+0000
549755813907|Album 4 of Alexei Feltsman|2011-06-13T15:17:14.225+0000
618475290644|Album 5 of Alexei Feltsman|2011-08-24T06:33:32.381+0000
755914244117|Album 6 of Alexei Feltsman|2011-12-24T01:21:44.284+0000
481036337175|Album 8 of Alexei Feltsman|2011-03-24T22:37:51.647+0000
618475290648|Album 9 of Alexei Feltsman|2011-07-19T10:03:49.814+0000
893353197593|Album 10 of Alexei Feltsman|2012-04-10T04:39:57.295+0000
687194767386|Album 11 of Alexei Feltsman|2011-10-16T15:55:36.019+0000
274877906971|Album 12 of Alexei Feltsman|2010-09-12T05:09:16.095+0000
343597383708|Album 13 of Alexei Feltsman|2010-11-10T03:22:18.202+0000
481036337181|Album 14 of Alexei Feltsman|2011-04-12T21:59:34.839+0000
274877906974|Album 15 of Alexei Feltsman|2010-10-04T03:12:16.389+0000
618475290655|Album 16 of Alexei Feltsman|2011-08-19T23:57:52.754+0000
893353197600|Album 17 of Alexei Feltsman|2012-03-12T22:40:13.911+0000
893353197601|Album 18 of Alexei Feltsman|2012-04-30T10:35:20.658+0000
549755813922|Album 19 of Alexei Feltsman|2011-07-05T05:53:54.860+0000
824633720867|Album 20 of Alexei Feltsman|2012-02-07T20:54:13.539+0000
1030792151076|Album 21 of Alexei Feltsman|2012-08-26T00:55:37.668+0000
962072674341|Album 22 of Alexei Feltsman|2012-05-30T10:47:10.867+0000
687194767398|Album 23 of Alexei Feltsman|2011-09-30T02:27:34.853+0000
687194767401|Album 26 of Alexei Feltsman|2011-10-25T10:39:08.909+0000
549755813930|Album 27 of Alexei Feltsman|2011-06-20T23:55:39.312+0000
343597383723|Album 28 of Alexei Feltsman|2010-11-08T12:08:18.611+0000
481036337196|Album 29 of Alexei Feltsman|2011-03-12T05:52:07.589+0000
412316860461|Wall of Yahya Ould Ahmed El Abdallahi|2011-01-07T19:51:57.023+0000
1030792151086|Album 0 of Yahya Ould Ahmed El Abdallahi|2012-08-15T11:37:50.196+0000
755914244143|Album 1 of Yahya Ould Ahmed El Abdallahi|2011-11-27T11:04:09.651+0000
481036337201|Album 3 of Yahya Ould Ahmed El Abdallahi|2011-03-22T09:05:01.543+0000
893353197618|Album 4 of Yahya Ould Ahmed El Abdallahi|2012-05-04T20:48:12.839+0000
412316860467|Album 5 of Yahya Ould Ahmed El Abdallahi|2011-02-05T04:29:19.478+0000
687194767413|Album 7 of Yahya Ould Ahmed El Abdallahi|2011-10-23T08:57:13.461+0000
755914244151|Album 9 of Yahya Ould Ahmed El Abdallahi|2011-12-24T22:55:48.649+0000
893353197624|Album 10 of Yahya Ould Ahmed El Abdallahi|2012-04-19T07:14:06.385+0000
618475290681|Album 11 of Yahya Ould Ahmed El Abdallahi|2011-08-23T11:05:00.464+0000
962072674362|Album 12 of Yahya Ould Ahmed El Abdallahi|2012-06-23T12:23:21.993+0000
962072674363|Album 13 of Yahya Ould Ahmed El Abdallahi|2012-05-14T02:01:24.107+0000
687194767420|Album 14 of Yahya Ould Ahmed El Abdallahi|2011-11-02T20:01:31.727+0000
1099511627837|Album 15 of Yahya Ould Ahmed El Abdallahi|2012-09-10T20:44:04.321+0000
755914244158|Album 16 of Yahya Ould Ahmed El Abdallahi|2011-11-13T11:59:04.987+0000
481036337215|Album 17 of Yahya Ould Ahmed El Abdallahi|2011-04-27T03:01:07.092+0000
549755813952|Album 18 of Yahya Ould Ahmed El Abdallahi|2011-06-12T15:48:28.190+0000
893353197633|Album 19 of Yahya Ould Ahmed El Abdallahi|2012-04-24T19:48:22.866+0000
481036337218|Album 20 of Yahya Ould Ahmed El Abdallahi|2011-03-08T14:38:00.407+0000
549755813955|Album 21 of Yahya Ould Ahmed El Abdallahi|2011-05-15T13:32:52.784+0000
893353197636|Album 22 of Yahya Ould Ahmed El Abdallahi|2012-04-20T15:09:32.488+0000
687194767429|Album 23 of Yahya Ould Ahmed El Abdallahi|2011-11-04T01:22:39.934+0000
962072674374|Wall of Anatoly Shevchenko|2012-06-23T03:41:42.077+0000
1030792151113|Album 2 of Anatoly Shevchenko|2012-09-03T08:32:15.237+0000
962072674378|Album 3 of Anatoly Shevchenko|2012-07-06T22:42:29.823+0000
1030792151115|Album 4 of Anatoly Shevchenko|2012-07-12T13:22:56.485+0000
77|Wall of Marc Ravalomanana|2010-02-26T23:17:28.465+0000
549755813966|Album 0 of Marc Ravalomanana|2011-05-10T16:06:39.504+0000
755914244175|Album 1 of Marc Ravalomanana|2011-11-29T12:45:50.723+0000
1030792151120|Album 2 of Marc Ravalomanana|2012-07-26T14:45:24.909+0000
824633720913|Album 3 of Marc Ravalomanana|2012-03-05T07:29:22.404+0000
137438953555|Album 5 of Marc Ravalomanana|2010-05-20T17:34:58.865+0000
1030792151124|Album 6 of Marc Ravalomanana|2012-08-14T02:08:20.667+0000
755914244181|Album 7 of Marc Ravalomanana|2011-11-28T19:52:46.013+0000
893353197654|Album 8 of Marc Ravalomanana|2012-04-03T22:16:50.575+0000
1030792151127|Album 9 of Marc Ravalomanana|2012-08-15T21:37:13.235+0000
618475290712|Album 10 of Marc Ravalomanana|2011-07-18T02:49:19.000+0000
549755813979|Album 13 of Marc Ravalomanana|2011-05-27T10:04:14.072+0000
687194767452|Album 14 of Marc Ravalomanana|2011-09-17T05:40:26.229+0000
274877907037|Album 15 of Marc Ravalomanana|2010-09-26T20:15:44.159+0000
343597383774|Album 16 of Marc Ravalomanana|2010-11-09T08:49:51.446+0000
687194767455|Album 17 of Marc Ravalomanana|2011-11-06T13:35:42.125+0000
274877907040|Album 18 of Marc Ravalomanana|2010-10-14T09:46:39.489+0000
206158430305|Album 19 of Marc Ravalomanana|2010-08-04T13:47:38.526+0000
1030792151138|Album 20 of Marc Ravalomanana|2012-07-09T11:45:55.768+0000
412316860515|Album 21 of Marc Ravalomanana|2011-02-16T08:14:17.775+0000
824633720932|Album 22 of Marc Ravalomanana|2012-02-28T19:22:54.647+0000
618475290725|Album 23 of Marc Ravalomanana|2011-08-23T08:05:40.564+0000
481036337254|Album 24 of Marc Ravalomanana|2011-04-11T09:21:47.462+0000
412316860519|Album 25 of Marc Ravalomanana|2011-01-30T04:21:26.948+0000
206158430312|Album 26 of Marc Ravalomanana|2010-07-09T03:08:25.249+0000
893353197673|Album 27 of Marc Ravalomanana|2012-03-17T18:22:35.133+0000
481036337259|Album 29 of Marc Ravalomanana|2011-04-10T16:12:34.104+0000
68719476844|Album 30 of Marc Ravalomanana|2010-04-15T18:14:01.325+0000
137438953581|Album 31 of Marc Ravalomanana|2010-06-26T21:26:09.491+0000
274877907054|Album 32 of Marc Ravalomanana|2010-09-22T15:40:57.489+0000
824633720943|Album 33 of Marc Ravalomanana|2012-01-28T18:42:50.233+0000
274877907057|Wall of Alexei Codreanu|2010-10-31T00:36:37.929+0000
618475290738|Album 0 of Alexei Codreanu|2011-07-19T16:09:15.385+0000
1030792151155|Album 1 of Alexei Codreanu|2012-07-13T15:54:10.133+0000
687194767476|Album 2 of Alexei Codreanu|2011-10-01T10:30:31.456+0000
687194767478|Album 4 of Alexei Codreanu|2011-11-04T10:22:54.301+0000
481036337271|Album 5 of Alexei Codreanu|2011-03-24T21:29:52.461+0000
1030792151160|Album 6 of Alexei Codreanu|2012-07-14T08:18:24.950+0000
687194767481|Album 7 of Alexei Codreanu|2011-10-04T17:04:04.832+0000
412316860538|Album 8 of Alexei Codreanu|2011-02-20T11:13:38.824+0000
549755814012|Album 10 of Alexei Codreanu|2011-06-25T22:49:56.774+0000
618475290749|Album 11 of Alexei Codreanu|2011-08-16T14:48:54.684+0000
687194767486|Album 12 of Alexei Codreanu|2011-11-05T18:18:32.481+0000
962072674431|Album 13 of Alexei Codreanu|2012-05-30T08:42:21.980+0000
343597383808|Album 14 of Alexei Codreanu|2010-12-05T13:40:54.632+0000
412316860545|Album 15 of Alexei Codreanu|2011-01-29T18:56:37.241+0000
618475290754|Album 16 of Alexei Codreanu|2011-07-29T03:51:40.497+0000
962072674435|Album 17 of Alexei Codreanu|2012-06-15T17:20:54.216+0000
755914244228|Album 18 of Alexei Codreanu|2011-11-29T07:44:03.509+0000
343597383813|Album 19 of Alexei Codreanu|2010-12-04T16:22:11.034+0000
549755814022|Album 20 of Alexei Codreanu|2011-06-16T16:40:40.885+0000
412316860552|Album 22 of Alexei Codreanu|2011-02-12T14:34:58.411+0000
1030792151177|Album 23 of Alexei Codreanu|2012-07-14T09:33:22.662+0000
755914244234|Album 24 of Alexei Codreanu|2012-01-05T13:02:59.646+0000
1030792151179|Album 25 of Alexei Codreanu|2012-08-10T12:26:43.812+0000
137438953612|Wall of Alec Lin|2010-05-27T05:24:43.354+0000
481036337293|Wall of Evangelos Alkaios|2011-04-24T04:08:27.816+0000
755914244238|Wall of Otto Richter|2011-12-10T19:28:00.519+0000
824633720975|Wall of Pablo Bernal|2012-01-13T04:00:25.938+0000
206158430352|Wall of Masahiro Sato|2010-07-22T09:42:22.471+0000
343597383825|Wall of Paul Becker|2010-12-15T01:05:07.072+0000
755914244242|Wall of Hossein Forouhar|2011-12-25T00:45:08.750+0000
1030792151187|Wall of Roberto Diaz|2012-08-06T10:01:43.641+0000
68719476884|Wall of Hao Li|2010-04-28T04:16:18.277+0000
137438953621|Wall of Adje van den Berg Vries|2010-06-13T23:01:31.407+0000
549755814038|Album 0 of Adje van den Berg Vries|2011-07-04T19:09:41.979+0000
274877907096|Album 2 of Adje van den Berg Vries|2010-09-07T05:37:05.883+0000
687194767513|Album 3 of Adje van den Berg Vries|2011-11-03T15:17:07.618+0000
824633720986|Album 4 of Adje van den Berg Vries|2012-02-07T17:54:22.800+0000
893353197723|Album 5 of Adje van den Berg Vries|2012-05-06T03:47:16.621+0000
962072674460|Album 6 of Adje van den Berg Vries|2012-05-23T03:32:13.772+0000
1030792151197|Album 7 of Adje van den Berg Vries|2012-08-21T07:06:15.808+0000
481036337310|Album 8 of Adje van den Berg Vries|2011-04-20T19:22:46.521+0000
206158430367|Album 9 of Adje van den Berg Vries|2010-08-07T00:45:37.122+0000
274877907104|Album 10 of Adje van den Berg Vries|2010-10-18T15:49:18.185+0000
549755814049|Album 11 of Adje van den Berg Vries|2011-06-17T23:41:46.744+0000
274877907106|Album 12 of Adje van den Berg Vries|2010-09-06T16:46:35.642+0000
755914244259|Album 13 of Adje van den Berg Vries|2011-12-03T19:57:31.425+0000
343597383844|Album 14 of Adje van den Berg Vries|2010-11-30T21:53:22.940+0000
893353197733|Album 15 of Adje van den Berg Vries|2012-03-24T08:48:44.139+0000
137438953638|Album 16 of Adje van den Berg Vries|2010-06-26T11:06:30.350+0000
206158430375|Album 17 of Adje van den Berg Vries|2010-08-19T15:21:16.991+0000
893353197736|Album 18 of Adje van den Berg Vries|2012-03-14T00:24:43.057+0000
1030792151209|Album 19 of Adje van den Berg Vries|2012-09-01T19:29:47.779+0000
206158430378|Album 20 of Adje van den Berg Vries|2010-09-02T05:02:51.037+0000
893353197739|Album 21 of Adje van den Berg Vries|2012-04-27T14:47:45.707+0000
618475290796|Album 22 of Adje van den Berg Vries|2011-09-02T18:38:36.629+0000
962072674477|Album 23 of Adje van den Berg Vries|2012-06-29T02:48:34.210+0000
1030792151214|Album 24 of Adje van den Berg Vries|2012-07-16T03:13:27.908+0000
274877907119|Album 25 of Adje van den Berg Vries|2010-10-27T23:00:17.626+0000
893353197744|Album 26 of Adje van den Berg Vries|2012-05-05T18:48:19.209+0000
481036337329|Album 27 of Adje van den Berg Vries|2011-05-05T00:37:46.594+0000
343597383858|Album 28 of Adje van den Berg Vries|2010-11-08T09:19:21.506+0000
962072674483|Album 29 of Adje van den Berg Vries|2012-05-20T12:07:53.635+0000
1030792151220|Album 30 of Adje van den Berg Vries|2012-07-10T11:27:52.032+0000
618475290805|Wall of Luigi Colombo|2011-07-19T06:51:19.287+0000
68719476918|Wall of Baby Yang|2010-04-13T22:18:48.824+0000
824633721015|Album 0 of Baby Yang|2012-01-31T03:54:36.382+0000
755914244280|Album 1 of Baby Yang|2011-12-30T22:18:31.963+0000
549755814073|Album 2 of Baby Yang|2011-07-02T04:56:22.239+0000
893353197754|Album 3 of Baby Yang|2012-04-28T02:59:15.850+0000
618475290811|Album 4 of Baby Yang|2011-08-20T11:00:07.016+0000
893353197756|Album 5 of Baby Yang|2012-03-19T13:26:52.067+0000
1030792151229|Album 6 of Baby Yang|2012-08-17T13:55:01.714+0000
549755814078|Album 7 of Baby Yang|2011-06-29T22:44:11.827+0000
274877907135|Album 8 of Baby Yang|2010-09-08T00:10:43.745+0000
755914244288|Album 9 of Baby Yang|2011-12-15T10:33:12.141+0000
962072674497|Album 10 of Baby Yang|2012-05-11T22:56:32.216+0000
274877907138|Album 11 of Baby Yang|2010-09-28T20:12:37.042+0000
274877907139|Album 12 of Baby Yang|2010-09-26T10:20:57.191+0000
137438953668|Album 13 of Baby Yang|2010-06-19T04:32:22.469+0000
618475290821|Album 14 of Baby Yang|2011-08-28T03:51:25.967+0000
412316860614|Album 15 of Baby Yang|2011-02-11T11:21:36.732+0000
687194767559|Album 16 of Baby Yang|2011-11-03T14:53:53.135+0000
206158430408|Album 17 of Baby Yang|2010-07-26T19:24:57.081+0000
206158430409|Album 18 of Baby Yang|2010-08-14T03:16:02.048+0000
549755814090|Album 19 of Baby Yang|2011-07-01T05:46:32.421+0000
824633721035|Album 20 of Baby Yang|2012-02-01T00:02:24.977+0000
824633721036|Album 21 of Baby Yang|2012-01-31T07:13:42.986+0000
412316860621|Album 22 of Baby Yang|2011-01-07T14:38:37.034+0000
274877907150|Album 23 of Baby Yang|2010-09-30T22:40:17.809+0000
1030792151247|Album 24 of Baby Yang|2012-07-24T22:20:45.409+0000
618475290832|Album 25 of Baby Yang|2011-08-05T09:38:49.594+0000
412316860625|Album 26 of Baby Yang|2011-03-03T09:34:48.643+0000
755914244306|Album 27 of Baby Yang|2011-12-04T22:29:57.674+0000
206158430419|Album 28 of Baby Yang|2010-07-29T02:28:16.074+0000
755914244309|Album 30 of Baby Yang|2011-12-12T11:03:46.231+0000
412316860630|Album 31 of Baby Yang|2011-01-10T02:33:33.619+0000
137438953687|Album 32 of Baby Yang|2010-05-05T00:23:06.757+0000
687194767576|Wall of Deepak Khan|2011-09-12T21:30:48.614+0000
755914244313|Wall of Aleksandr Dobrunov|2011-12-27T12:09:47.768+0000
755914244314|Wall of Abdoulaye Khouma Dia|2011-12-24T10:45:38.549+0000
755914244315|Album 0 of Abdoulaye Khouma Dia|2012-01-04T07:28:46.016+0000
962072674524|Album 1 of Abdoulaye Khouma Dia|2012-07-07T06:09:15.889+0000
962072674525|Album 2 of Abdoulaye Khouma Dia|2012-07-03T11:10:06.023+0000
962072674526|Album 3 of Abdoulaye Khouma Dia|2012-06-18T07:24:53.065+0000
824633721055|Album 4 of Abdoulaye Khouma Dia|2012-02-16T14:57:13.329+0000
1030792151266|Album 7 of Abdoulaye Khouma Dia|2012-08-26T06:55:09.993+0000
1030792151267|Album 8 of Abdoulaye Khouma Dia|2012-08-06T12:33:41.884+0000
893353197796|Album 9 of Abdoulaye Khouma Dia|2012-04-22T03:40:21.897+0000
962072674533|Album 10 of Abdoulaye Khouma Dia|2012-06-08T04:37:27.990+0000
893353197798|Album 11 of Abdoulaye Khouma Dia|2012-04-23T02:43:42.738+0000
549755814119|Wall of Tamas Gabor|2011-06-29T16:22:09.273+0000
618475290856|Album 0 of Tamas Gabor|2011-07-24T12:35:53.628+0000
962072674538|Album 2 of Tamas Gabor|2012-06-22T05:27:27.011+0000
962072674540|Album 4 of Tamas Gabor|2012-05-19T09:24:16.881+0000
618475290862|Album 6 of Tamas Gabor|2011-08-27T10:03:38.045+0000
1030792151279|Album 7 of Tamas Gabor|2012-08-04T12:57:32.477+0000
687194767601|Album 9 of Tamas Gabor|2011-09-27T08:52:30.318+0000
1030792151282|Album 10 of Tamas Gabor|2012-07-11T15:04:41.701+0000
755914244339|Album 11 of Tamas Gabor|2011-11-19T12:14:17.596+0000
1030792151284|Album 12 of Tamas Gabor|2012-08-22T01:30:14.828+0000
962072674550|Album 14 of Tamas Gabor|2012-05-25T07:26:00.426+0000
687194767607|Album 15 of Tamas Gabor|2011-09-30T06:10:19.778+0000
962072674552|Album 16 of Tamas Gabor|2012-05-24T00:01:40.381+0000
618475290873|Album 17 of Tamas Gabor|2011-09-06T05:19:49.868+0000
206158430458|Wall of Wei Wei|2010-08-31T00:24:44.501+0000
481036337403|Wall of Amy Chen|2011-04-27T19:53:59.614+0000
1030792151293|Album 0 of Amy Chen|2012-07-16T11:15:06.554+0000
824633721086|Album 1 of Amy Chen|2012-02-14T05:00:08.056+0000
618475290879|Album 2 of Amy Chen|2011-07-29T01:28:25.441+0000
1099511628034|Album 5 of Amy Chen|2012-09-11T23:44:01.861+0000
824633721091|Album 6 of Amy Chen|2012-01-27T01:20:44.339+0000
824633721092|Album 7 of Amy Chen|2012-01-14T04:51:18.224+0000
549755814149|Album 8 of Amy Chen|2011-07-03T17:48:12.280+0000
549755814150|Album 9 of Amy Chen|2011-07-04T23:02:34.823+0000
1030792151303|Album 10 of Amy Chen|2012-08-31T10:41:33.775+0000
824633721096|Album 11 of Amy Chen|2012-03-02T13:18:20.064+0000
618475290889|Album 12 of Amy Chen|2011-08-05T07:05:54.250+0000
618475290890|Album 13 of Amy Chen|2011-08-18T11:49:21.589+0000
824633721099|Album 14 of Amy Chen|2012-02-03T09:16:44.364+0000
1030792151309|Album 16 of Amy Chen|2012-07-24T20:22:49.760+0000
618475290896|Album 19 of Amy Chen|2011-08-05T18:00:49.232+0000
755914244369|Wall of Wojciech Ciesla|2012-01-01T15:38:23.105+0000
893353197842|Wall of Arjun Singh|2012-03-14T22:08:13.259+0000
893353197843|Wall of Albaye Papa Diouf|2012-04-13T22:40:05.345+0000
1030792151317|Album 1 of Albaye Papa Diouf|2012-08-10T12:24:39.326+0000
1030792151320|Album 4 of Albaye Papa Diouf|2012-07-31T19:19:08.789+0000
1030792151322|Album 6 of Albaye Papa Diouf|2012-08-21T06:00:30.507+0000
206158430492|Wall of Aleksandr Efimkin|2010-08-20T04:09:08.159+0000
687194767645|Album 0 of Aleksandr Efimkin|2011-09-25T07:20:54.581+0000
274877907230|Album 1 of Aleksandr Efimkin|2010-09-04T19:34:56.824+0000
412316860704|Album 3 of Aleksandr Efimkin|2011-01-19T23:06:53.356+0000
893353197857|Album 4 of Aleksandr Efimkin|2012-04-03T00:04:10.792+0000
618475290914|Album 5 of Aleksandr Efimkin|2011-08-14T19:22:37.175+0000
824633721123|Album 6 of Aleksandr Efimkin|2012-01-24T11:24:40.099+0000
481036337444|Album 7 of Aleksandr Efimkin|2011-03-07T08:34:17.088+0000
893353197861|Album 8 of Aleksandr Efimkin|2012-05-07T01:06:04.627+0000
206158430503|Album 10 of Aleksandr Efimkin|2010-08-24T08:37:01.118+0000
412316860712|Album 11 of Aleksandr Efimkin|2011-02-10T08:32:42.173+0000
755914244393|Album 12 of Aleksandr Efimkin|2011-12-21T18:54:02.100+0000
618475290922|Album 13 of Aleksandr Efimkin|2011-07-14T17:55:45.501+0000
1030792151339|Album 14 of Aleksandr Efimkin|2012-08-07T07:33:15.356+0000
618475290924|Album 15 of Aleksandr Efimkin|2011-08-19T17:53:55.187+0000
1030792151341|Album 16 of Aleksandr Efimkin|2012-07-10T08:22:24.237+0000
481036337454|Album 17 of Aleksandr Efimkin|2011-03-16T07:18:47.344+0000
481036337455|Album 18 of Aleksandr Efimkin|2011-03-22T16:36:26.907+0000
824633721136|Album 19 of Aleksandr Efimkin|2012-02-21T16:58:32.217+0000
824633721137|Album 20 of Aleksandr Efimkin|2012-02-21T18:45:28.201+0000
549755814194|Album 21 of Aleksandr Efimkin|2011-05-20T11:44:01.308+0000
549755814195|Album 22 of Aleksandr Efimkin|2011-06-19T09:32:51.003+0000
549755814196|Album 23 of Aleksandr Efimkin|2011-06-26T12:03:54.595+0000
481036337461|Album 24 of Aleksandr Efimkin|2011-03-31T19:59:08.909+0000
206158430519|Album 26 of Aleksandr Efimkin|2010-08-28T08:32:49.379+0000
893353197880|Album 27 of Aleksandr Efimkin|2012-03-29T20:35:32.150+0000
343597383993|Wall of Eric Mettacara|2010-12-19T21:48:23.850+0000
824633721146|Album 0 of Eric Mettacara|2012-02-03T03:13:06.253+0000
412316860731|Album 1 of Eric Mettacara|2011-01-23T00:40:37.501+0000
893353197884|Album 2 of Eric Mettacara|2012-04-14T14:44:26.532+0000
755914244414|Album 4 of Eric Mettacara|2011-12-15T01:16:52.015+0000
481036337471|Album 5 of Eric Mettacara|2011-03-21T18:09:25.121+0000
755914244416|Album 6 of Eric Mettacara|2011-12-31T09:21:46.093+0000
618475290945|Album 7 of Eric Mettacara|2011-07-13T13:26:16.520+0000
755914244419|Album 9 of Eric Mettacara|2011-12-04T20:07:23.948+0000
755914244420|Album 10 of Eric Mettacara|2011-12-28T03:35:37.723+0000
1030792151365|Album 11 of Eric Mettacara|2012-09-08T10:07:47.119+0000
412316860742|Album 12 of Eric Mettacara|2011-01-22T11:45:05.713+0000
549755814215|Album 13 of Eric Mettacara|2011-05-10T11:23:05.979+0000
755914244425|Album 15 of Eric Mettacara|2011-11-12T08:03:05.347+0000
1030792151370|Album 16 of Eric Mettacara|2012-08-18T17:29:47.801+0000
412316860747|Album 17 of Eric Mettacara|2011-02-14T21:13:21.800+0000
618475290956|Album 18 of Eric Mettacara|2011-07-13T05:17:35.766+0000
412316860749|Album 19 of Eric Mettacara|2011-01-19T04:08:34.718+0000
824633721166|Album 20 of Eric Mettacara|2012-03-02T23:29:13.161+0000
893353197905|Album 23 of Eric Mettacara|2012-03-22T08:05:09.373+0000
687194767698|Wall of Gayatri Reddy|2011-11-04T13:57:38.446+0000
893353197907|Album 0 of Gayatri Reddy|2012-04-23T03:36:02.960+0000
893353197908|Album 1 of Gayatri Reddy|2012-04-13T17:20:26.541+0000
755914244437|Album 2 of Gayatri Reddy|2012-01-06T13:36:44.637+0000
755914244438|Album 3 of Gayatri Reddy|2011-11-16T01:24:25.611+0000
1030792151383|Album 4 of Gayatri Reddy|2012-07-19T11:13:57.639+0000
962072674648|Album 5 of Gayatri Reddy|2012-06-25T12:38:14.866+0000
824633721177|Album 6 of Gayatri Reddy|2012-02-02T16:27:56.869+0000
962072674650|Album 7 of Gayatri Reddy|2012-05-31T06:37:44.281+0000
824633721180|Album 9 of Gayatri Reddy|2012-03-06T23:12:28.192+0000
962072674653|Album 10 of Gayatri Reddy|2012-05-20T00:41:53.778+0000
755914244446|Album 11 of Gayatri Reddy|2011-11-29T20:08:19.103+0000
1030792151391|Album 12 of Gayatri Reddy|2012-08-23T01:07:48.370+0000
1030792151392|Album 13 of Gayatri Reddy|2012-07-13T12:27:22.156+0000
962072674657|Wall of Jie Yang|2012-05-26T16:30:25.165+0000
206158430562|Wall of Karl Fischer|2010-08-01T16:37:34.032+0000
274877907299|Wall of Joseph Sharma|2010-10-09T04:45:39.161+0000
412316860772|Wall of Jose Pereira|2011-01-28T14:46:46.060+0000
206158430569|Wall of Ken Yamada|2010-08-11T19:26:36.822+0000
481036337514|Album 0 of Ken Yamada|2011-03-17T16:09:26.447+0000
412316860779|Album 1 of Ken Yamada|2011-01-20T07:45:37.298+0000
343597384044|Album 2 of Ken Yamada|2010-11-14T22:34:20.323+0000
412316860781|Album 3 of Ken Yamada|2011-01-05T06:13:26.525+0000
687194767726|Album 4 of Ken Yamada|2011-10-03T03:48:43.070+0000
1030792151407|Album 5 of Ken Yamada|2012-07-10T03:58:33.641+0000
687194767728|Album 6 of Ken Yamada|2011-10-09T14:56:39.524+0000
687194767731|Album 9 of Ken Yamada|2011-09-24T17:17:04.046+0000
274877907316|Album 10 of Ken Yamada|2010-10-14T03:16:16.175+0000
962072674677|Album 11 of Ken Yamada|2012-05-30T03:43:31.489+0000
1030792151414|Album 12 of Ken Yamada|2012-08-14T18:24:00.253+0000
962072674679|Album 13 of Ken Yamada|2012-06-13T00:50:18.398+0000
412316860792|Album 14 of Ken Yamada|2011-02-20T07:59:52.912+0000
549755814265|Album 15 of Ken Yamada|2011-06-29T19:15:26.366+0000
687194767739|Album 17 of Ken Yamada|2011-10-30T06:07:18.984+0000
481036337532|Album 18 of Ken Yamada|2011-03-30T22:12:04.507+0000
893353197949|Album 19 of Ken Yamada|2012-03-19T01:13:11.745+0000
274877907326|Album 20 of Ken Yamada|2010-10-28T08:39:24.560+0000
687194767743|Album 21 of Ken Yamada|2011-10-29T20:03:16.034+0000
549755814272|Album 22 of Ken Yamada|2011-05-26T22:41:08.832+0000
274877907329|Album 23 of Ken Yamada|2010-10-04T22:12:42.414+0000
412316860802|Album 24 of Ken Yamada|2011-01-13T05:44:50.442+0000
893353197955|Album 25 of Ken Yamada|2012-03-14T12:50:00.105+0000
206158430596|Album 26 of Ken Yamada|2010-08-15T02:59:55.493+0000
893353197957|Album 27 of Ken Yamada|2012-04-28T08:03:18.026+0000
893353197958|Album 28 of Ken Yamada|2012-03-20T14:45:17.687+0000
391|Wall of K. Sen|2010-01-06T18:34:23.740+0000
1030792151432|Album 0 of K. Sen|2012-07-19T14:25:18.801+0000
206158430601|Album 1 of K. Sen|2010-08-22T17:43:15.367+0000
618475291018|Album 2 of K. Sen|2011-08-29T08:18:59.282+0000
68719477131|Album 3 of K. Sen|2010-03-15T06:04:06.234+0000
755914244492|Album 4 of K. Sen|2011-11-09T18:28:43.716+0000
755914244493|Album 5 of K. Sen|2012-01-01T02:57:44.697+0000
1030792151438|Album 6 of K. Sen|2012-08-05T18:50:36.691+0000
618475291023|Album 7 of K. Sen|2011-08-18T19:11:36.166+0000
206158430608|Album 8 of K. Sen|2010-08-21T05:26:12.070+0000
343597384081|Album 9 of K. Sen|2010-12-24T08:29:09.882+0000
402|Album 10 of K. Sen|2010-03-01T19:48:14.048+0000
68719477139|Album 11 of K. Sen|2010-04-05T09:23:09.443+0000
687194767764|Album 12 of K. Sen|2011-10-12T20:46:06.057+0000
549755814293|Album 13 of K. Sen|2011-06-20T18:56:42.205+0000
274877907350|Album 14 of K. Sen|2010-09-06T13:53:46.661+0000
274877907351|Album 15 of K. Sen|2010-10-05T01:22:30.129+0000
481036337560|Album 16 of K. Sen|2011-04-19T01:22:24.497+0000
687194767769|Album 17 of K. Sen|2011-10-14T21:37:34.747+0000
412316860826|Album 18 of K. Sen|2011-02-14T04:45:25.689+0000
411|Album 19 of K. Sen|2010-02-06T11:24:06.467+0000
412|Album 20 of K. Sen|2010-01-12T13:06:49.522+0000
68719477149|Album 21 of K. Sen|2010-04-01T19:26:21.549+0000
824633721246|Album 22 of K. Sen|2012-03-07T15:12:18.350+0000
687194767775|Album 23 of K. Sen|2011-09-29T20:00:14.978+0000
417|Album 25 of K. Sen|2010-02-21T07:36:08.080+0000
549755814306|Album 26 of K. Sen|2011-05-10T19:39:15.293+0000
274877907363|Album 27 of K. Sen|2010-09-09T20:24:10.204+0000
137438953892|Album 28 of K. Sen|2010-06-09T12:16:26.258+0000
549755814309|Album 29 of K. Sen|2011-06-06T20:01:26.892+0000
481036337574|Album 30 of K. Sen|2011-03-08T03:08:44.963+0000
687194767783|Album 31 of K. Sen|2011-10-05T11:08:36.063+0000
962072674728|Album 32 of K. Sen|2012-06-03T18:04:28.091+0000
687194767785|Album 33 of K. Sen|2011-11-02T17:50:12.788+0000
274877907370|Album 34 of K. Sen|2010-09-17T05:08:57.637+0000
274877907371|Album 35 of K. Sen|2010-09-11T12:19:21.605+0000
549755814316|Wall of Alim Guliyev|2011-06-09T17:44:09.636+0000
824633721261|Album 0 of Alim Guliyev|2012-02-07T21:52:48.835+0000
1030792151470|Album 1 of Alim Guliyev|2012-08-09T17:47:58.000+0000
687194767791|Album 2 of Alim Guliyev|2011-10-14T16:24:40.218+0000
824633721265|Album 4 of Alim Guliyev|2012-02-13T04:45:36.813+0000
824633721266|Album 5 of Alim Guliyev|2012-01-17T12:31:36.232+0000
824633721267|Album 6 of Alim Guliyev|2012-01-20T13:00:21.675+0000
962072674740|Album 7 of Alim Guliyev|2012-07-01T07:18:45.318+0000
824633721269|Album 8 of Alim Guliyev|2012-01-27T20:45:21.407+0000
1030792151478|Album 9 of Alim Guliyev|2012-08-06T01:40:37.352+0000
893353198007|Album 10 of Alim Guliyev|2012-03-13T17:03:03.036+0000
1030792151480|Album 11 of Alim Guliyev|2012-07-26T07:15:45.814+0000
755914244537|Album 12 of Alim Guliyev|2011-12-21T12:40:36.052+0000
824633721274|Album 13 of Alim Guliyev|2012-02-17T02:31:34.225+0000
687194767803|Album 14 of Alim Guliyev|2011-09-17T00:13:13.112+0000
824633721276|Album 15 of Alim Guliyev|2012-01-25T19:08:52.568+0000
1030792151485|Album 16 of Alim Guliyev|2012-09-06T19:48:11.780+0000
962072674750|Album 17 of Alim Guliyev|2012-05-16T16:15:06.236+0000
893353198015|Album 18 of Alim Guliyev|2012-03-09T22:19:09.290+0000
618475291072|Wall of Jan Zakrzewski|2011-08-04T04:48:08.173+0000
618475291074|Group for Andy_Ram in Krak√≥w|2011-08-21T01:23:55.523+0000
755914244547|Album 0 of Jan Zakrzewski|2011-11-28T04:42:01.703+0000
893353198022|Album 3 of Jan Zakrzewski|2012-05-07T22:42:46.797+0000
1030792151495|Album 4 of Jan Zakrzewski|2012-09-01T23:25:59.377+0000
962072674761|Album 6 of Jan Zakrzewski|2012-06-09T05:46:20.252+0000
1030792151498|Album 7 of Jan Zakrzewski|2012-07-09T21:55:04.646+0000
755914244555|Album 8 of Jan Zakrzewski|2011-12-17T06:35:37.165+0000
1030792151500|Album 9 of Jan Zakrzewski|2012-07-30T00:39:02.934+0000
824633721293|Album 10 of Jan Zakrzewski|2012-02-06T08:44:19.582+0000
687194767822|Album 11 of Jan Zakrzewski|2011-10-23T23:02:41.852+0000
618475291087|Album 12 of Jan Zakrzewski|2011-08-12T18:28:19.429+0000
755914244560|Album 13 of Jan Zakrzewski|2011-12-09T10:57:27.003+0000
1030792151506|Album 15 of Jan Zakrzewski|2012-08-15T16:48:51.569+0000
962072674771|Album 16 of Jan Zakrzewski|2012-06-18T04:19:46.000+0000
1030792151508|Wall of Ali Ferrer|2012-07-26T08:34:19.342+0000
1030792151512|Album 3 of Ali Ferrer|2012-08-03T12:04:06.396+0000
1030792151513|Album 4 of Ali Ferrer|2012-08-11T22:53:27.303+0000
618475291098|Wall of John Reddy|2011-08-21T06:11:25.212+0000
755914244571|Album 0 of John Reddy|2011-11-08T12:45:29.164+0000
687194767837|Album 2 of John Reddy|2011-09-28T14:42:09.167+0000
824633721311|Album 4 of John Reddy|2012-01-28T07:53:31.819+0000
824633721312|Album 5 of John Reddy|2012-02-27T01:25:05.475+0000
962072674785|Album 6 of John Reddy|2012-06-15T12:52:06.499+0000
824633721314|Album 7 of John Reddy|2012-02-24T08:20:01.292+0000
824633721315|Album 8 of John Reddy|2012-01-17T13:08:28.211+0000
755914244580|Album 9 of John Reddy|2011-11-26T12:00:09.587+0000
962072674789|Album 10 of John Reddy|2012-05-23T23:36:28.257+0000
824633721318|Album 11 of John Reddy|2012-03-08T02:43:21.056+0000
962072674791|Album 12 of John Reddy|2012-05-20T13:02:21.867+0000
1030792151528|Album 13 of John Reddy|2012-09-03T21:04:05.868+0000
687194767849|Album 14 of John Reddy|2011-09-23T21:05:24.759+0000
481036337643|Wall of Ali Achiou|2011-04-14T02:38:59.734+0000
549755814380|Wall of Ali Abouba|2011-06-29T23:20:32.909+0000
893353198061|Album 0 of Ali Abouba|2012-03-26T23:37:43.511+0000
1030792151534|Album 1 of Ali Abouba|2012-08-15T15:17:32.234+0000
687194767855|Album 2 of Ali Abouba|2011-10-08T14:28:33.493+0000
755914244593|Album 4 of Ali Abouba|2011-11-10T07:59:26.987+0000
687194767858|Album 5 of Ali Abouba|2011-10-30T06:38:29.220+0000
893353198067|Album 6 of Ali Abouba|2012-05-07T18:05:25.427+0000
1030792151541|Album 8 of Ali Abouba|2012-08-02T08:44:21.907+0000
687194767862|Album 9 of Ali Abouba|2011-09-09T04:44:50.141+0000
755914244599|Album 10 of Ali Abouba|2011-11-09T11:26:50.015+0000
618475291128|Album 11 of Ali Abouba|2011-07-25T19:07:42.742+0000
618475291129|Album 12 of Ali Abouba|2011-08-03T01:00:05.479+0000
618475291131|Album 14 of Ali Abouba|2011-07-15T01:59:48.163+0000
893353198076|Album 15 of Ali Abouba|2012-03-28T20:18:27.144+0000
962072674813|Album 16 of Ali Abouba|2012-06-24T07:56:14.491+0000
618475291135|Wall of Babar Khan|2011-08-23T18:48:49.292+0000
962072674816|Wall of Alejandro Garcia|2012-06-15T07:24:36.645+0000
481036337665|Wall of Lei Zhang|2011-03-29T12:46:35.151+0000
824633721346|Group for Augustine_of_Hippo in Hengyang|2012-02-21T10:40:39.598+0000
962072674819|Group for Carl_Jung in Hengyang|2012-05-20T05:56:05.224+0000
962072674820|Album 0 of Lei Zhang|2012-07-05T19:37:58.728+0000
481036337669|Album 1 of Lei Zhang|2011-03-31T22:04:23.110+0000
824633721350|Album 2 of Lei Zhang|2012-02-24T23:27:17.040+0000
549755814407|Album 3 of Lei Zhang|2011-05-24T18:44:13.063+0000
687194767880|Album 4 of Lei Zhang|2011-09-29T23:14:05.866+0000
687194767881|Album 5 of Lei Zhang|2011-10-20T06:39:03.750+0000
824633721354|Album 6 of Lei Zhang|2012-01-08T03:38:50.776+0000
893353198093|Album 9 of Lei Zhang|2012-03-31T20:21:31.519+0000
549755814414|Album 10 of Lei Zhang|2011-05-14T17:05:11.800+0000
755914244623|Album 11 of Lei Zhang|2011-12-27T00:34:14.182+0000
824633721360|Album 12 of Lei Zhang|2012-03-01T17:23:38.402+0000
1099511628305|Album 13 of Lei Zhang|2012-09-10T09:49:25.615+0000
549755814418|Album 14 of Lei Zhang|2011-05-20T10:57:13.925+0000
893353198099|Album 15 of Lei Zhang|2012-03-27T20:41:58.593+0000
1030792151572|Album 16 of Lei Zhang|2012-07-12T11:56:27.867+0000
755914244629|Album 17 of Lei Zhang|2012-01-04T14:30:55.699+0000
1030792151575|Album 19 of Lei Zhang|2012-07-24T22:53:00.175+0000
687194767896|Album 20 of Lei Zhang|2011-10-03T05:06:13.797+0000
687194767897|Wall of Naresh Singh|2011-10-25T10:43:24.196+0000
824633721370|Wall of Celso Oliveira|2012-01-10T05:38:31.900+0000
618475291163|Wall of Akira Yamamoto|2011-07-31T00:53:53.370+0000
137438954012|Wall of Rahul Sharma|2010-06-23T08:48:45.041+0000
412316860957|Wall of Djelaludin Zaland|2011-02-22T16:35:54.426+0000
481036337694|Album 0 of Djelaludin Zaland|2011-04-19T13:30:45.122+0000
962072674848|Album 2 of Djelaludin Zaland|2012-06-01T21:16:46.188+0000
481036337697|Album 3 of Djelaludin Zaland|2011-04-06T02:11:43.926+0000
687194767906|Album 4 of Djelaludin Zaland|2011-10-09T08:59:42.835+0000
824633721379|Album 5 of Djelaludin Zaland|2012-01-23T15:12:53.890+0000
893353198116|Album 6 of Djelaludin Zaland|2012-04-22T16:40:08.253+0000
687194767909|Album 7 of Djelaludin Zaland|2011-09-27T02:58:11.373+0000
1030792151590|Album 8 of Djelaludin Zaland|2012-08-06T19:50:34.706+0000
1030792151591|Album 9 of Djelaludin Zaland|2012-07-23T14:30:23.754+0000
549755814441|Album 11 of Djelaludin Zaland|2011-06-15T17:05:45.852+0000
687194767914|Album 12 of Djelaludin Zaland|2011-10-26T04:56:21.343+0000
962072674859|Album 13 of Djelaludin Zaland|2012-06-18T01:55:00.429+0000
962072674860|Album 14 of Djelaludin Zaland|2012-06-01T23:19:57.264+0000
618475291182|Album 16 of Djelaludin Zaland|2011-08-06T03:55:24.859+0000
824633721392|Album 18 of Djelaludin Zaland|2012-01-25T09:46:30.992+0000
962072674865|Album 19 of Djelaludin Zaland|2012-06-20T01:09:00.966+0000
549755814450|Album 20 of Djelaludin Zaland|2011-06-11T22:49:24.246+0000
549755814451|Album 21 of Djelaludin Zaland|2011-06-14T08:23:35.218+0000
412316860980|Wall of R. Sharma|2011-02-15T00:30:11.008+0000
1030792151605|Wall of Ayesha Ahmed|2012-08-08T07:53:38.961+0000
1030792151606|Album 0 of Ayesha Ahmed|2012-08-30T00:49:38.547+0000
1030792151607|Album 1 of Ayesha Ahmed|2012-08-27T13:02:23.268+0000
1030792151608|Album 2 of Ayesha Ahmed|2012-08-24T09:23:08.586+0000
137438954044|Wall of Mehmet Koksal|2010-06-27T14:31:58.618+0000
618475291197|Wall of Neil Murray|2011-08-27T11:39:25.492+0000
687194767934|Album 0 of Neil Murray|2011-10-03T10:41:06.292+0000
1030792151616|Album 2 of Neil Murray|2012-08-30T21:05:20.211+0000
824633721409|Album 3 of Neil Murray|2012-02-12T00:46:10.918+0000
893353198146|Album 4 of Neil Murray|2012-04-23T07:50:55.220+0000
962072674883|Album 5 of Neil Murray|2012-06-28T14:31:31.773+0000
1030792151620|Album 6 of Neil Murray|2012-08-12T12:53:59.589+0000
824633721413|Album 7 of Neil Murray|2012-02-05T14:54:53.123+0000
824633721414|Album 8 of Neil Murray|2012-01-12T12:30:10.411+0000
1030792151624|Album 10 of Neil Murray|2012-07-25T07:06:34.982+0000
893353198153|Album 11 of Neil Murray|2012-03-21T12:16:37.865+0000
824633721420|Album 14 of Neil Murray|2012-02-16T02:37:25.684+0000
962072674893|Album 15 of Neil Murray|2012-06-30T06:06:50.681+0000
1099511628366|Wall of Francisco Reyes|2012-09-11T04:26:52.403+0000
893353198163|Wall of Abdul Jamil Qureshi|2012-04-17T16:44:54.056+0000
412316861013|Wall of Jimmy Burak|2011-01-19T12:18:54.286+0000
687194767958|Album 0 of Jimmy Burak|2011-10-30T01:13:24.061+0000
1099511628375|Album 1 of Jimmy Burak|2012-09-12T21:14:23.840+0000
1099511628376|Album 2 of Jimmy Burak|2012-09-08T18:17:45.702+0000
618475291225|Album 3 of Jimmy Burak|2011-07-19T20:30:16.987+0000
824633721435|Album 5 of Jimmy Burak|2012-03-05T11:45:35.552+0000
481036337756|Album 6 of Jimmy Burak|2011-04-02T10:45:09.994+0000
755914244701|Album 7 of Jimmy Burak|2011-11-15T13:43:37.386+0000
824633721438|Album 8 of Jimmy Burak|2012-01-14T13:21:23.203+0000
549755814495|Album 9 of Jimmy Burak|2011-06-17T10:35:33.316+0000
687194767969|Album 11 of Jimmy Burak|2011-11-06T13:06:54.582+0000
824633721442|Album 12 of Jimmy Burak|2012-02-14T21:33:10.933+0000
824633721443|Album 13 of Jimmy Burak|2012-01-20T21:07:38.569+0000
412316861028|Album 14 of Jimmy Burak|2011-01-21T19:04:47.052+0000
549755814501|Album 15 of Jimmy Burak|2011-05-29T01:11:40.783+0000
481036337766|Album 16 of Jimmy Burak|2011-03-10T05:29:02.092+0000
687194767975|Album 17 of Jimmy Burak|2011-10-09T04:36:13.793+0000
1030792151656|Album 18 of Jimmy Burak|2012-07-28T16:16:35.802+0000
1030792151657|Album 19 of Jimmy Burak|2012-08-29T15:01:51.227+0000
549755814506|Album 20 of Jimmy Burak|2011-06-03T16:45:10.018+0000
755914244715|Album 21 of Jimmy Burak|2011-12-15T07:15:57.651+0000
755914244716|Album 22 of Jimmy Burak|2011-11-13T05:39:48.351+0000
549755814509|Wall of Rahul Khan|2011-05-28T09:50:48.828+0000
962072674926|Album 0 of Rahul Khan|2012-06-08T14:43:08.784+0000
962072674927|Album 1 of Rahul Khan|2012-05-20T13:29:37.582+0000
549755814513|Album 3 of Rahul Khan|2011-06-14T00:01:54.130+0000
549755814515|Album 5 of Rahul Khan|2011-06-21T04:24:37.190+0000
755914244724|Album 6 of Rahul Khan|2011-12-06T03:58:29.080+0000
1030792151669|Album 7 of Rahul Khan|2012-08-08T22:56:33.231+0000
962072674934|Album 8 of Rahul Khan|2012-06-20T12:35:14.212+0000
893353198199|Album 9 of Rahul Khan|2012-05-07T17:19:56.347+0000
618475291256|Album 10 of Rahul Khan|2011-07-12T15:50:29.368+0000
755914244730|Album 12 of Rahul Khan|2012-01-03T17:36:12.753+0000
549755814523|Album 13 of Rahul Khan|2011-06-29T03:20:44.207+0000
687194767996|Album 14 of Rahul Khan|2011-11-04T00:39:36.080+0000
687194767997|Album 15 of Rahul Khan|2011-09-29T06:35:56.279+0000
755914244734|Album 16 of Rahul Khan|2011-11-10T22:37:28.092+0000
687194767999|Album 17 of Rahul Khan|2011-09-27T07:07:12.566+0000
893353198208|Album 18 of Rahul Khan|2012-03-24T12:29:44.960+0000
687194768001|Wall of Cheng Wei|2011-10-17T01:12:13.931+0000
412316861058|Wall of Miguel Gonzalez|2011-02-17T11:35:01.763+0000
618475291267|Wall of John Khan|2011-07-26T21:41:44.142+0000
206158430852|Wall of Luis Alonso|2010-08-29T23:17:57.667+0000
618475291269|Album 0 of Luis Alonso|2011-08-18T09:47:22.560+0000
893353198214|Album 1 of Luis Alonso|2012-04-28T02:00:10.392+0000
824633721479|Album 2 of Luis Alonso|2012-02-26T05:16:44.346+0000
687194768008|Album 3 of Luis Alonso|2011-10-07T23:18:33.679+0000
481036337801|Album 4 of Luis Alonso|2011-04-03T22:07:18.768+0000
412316861066|Album 5 of Luis Alonso|2011-02-23T09:05:43.731+0000
618475291276|Album 7 of Luis Alonso|2011-07-10T14:48:46.762+0000
1030792151693|Album 8 of Luis Alonso|2012-07-31T11:06:55.016+0000
824633721486|Album 9 of Luis Alonso|2012-01-29T13:11:00.819+0000
618475291279|Album 10 of Luis Alonso|2011-07-18T23:18:06.604+0000
893353198224|Album 11 of Luis Alonso|2012-04-19T15:26:35.694+0000
412316861073|Album 12 of Luis Alonso|2011-02-24T00:00:29.691+0000
412316861075|Album 14 of Luis Alonso|2011-03-04T20:15:38.469+0000
1030792151701|Album 16 of Luis Alonso|2012-07-11T19:42:10.005+0000
618475291286|Album 17 of Luis Alonso|2011-08-12T12:19:10.597+0000
1030792151703|Album 18 of Luis Alonso|2012-08-19T18:08:10.537+0000
962072674968|Album 19 of Luis Alonso|2012-06-07T02:59:46.339+0000
618475291289|Album 20 of Luis Alonso|2011-08-30T02:23:38.464+0000
481036337818|Album 21 of Luis Alonso|2011-04-30T13:58:40.535+0000
687194768027|Album 22 of Luis Alonso|2011-10-09T05:39:20.309+0000
687194768028|Album 23 of Luis Alonso|2011-10-23T03:19:42.707+0000
481036337821|Album 24 of Luis Alonso|2011-05-04T23:59:17.807+0000
1030792151710|Album 25 of Luis Alonso|2012-08-18T11:51:24.862+0000
824633721503|Album 26 of Luis Alonso|2012-01-29T06:19:23.923+0000
618475291296|Album 27 of Luis Alonso|2011-08-12T13:23:06.610+0000
755914244769|Wall of Jun Li|2011-12-29T07:56:49.032+0000
962072674978|Album 0 of Jun Li|2012-07-06T03:53:11.624+0000
893353198244|Album 2 of Jun Li|2012-03-16T08:01:58.548+0000
1030792151717|Album 3 of Jun Li|2012-07-18T16:10:45.506+0000
824633721510|Album 4 of Jun Li|2012-01-29T23:07:33.673+0000
1030792151719|Album 5 of Jun Li|2012-09-01T10:30:59.747+0000
962072674986|Album 8 of Jun Li|2012-05-08T22:40:18.890+0000
755914244779|Album 9 of Jun Li|2012-01-04T08:41:55.213+0000
1030792151725|Album 11 of Jun Li|2012-07-14T09:50:20.875+0000
687194768046|Wall of Oleg Bazayev|2011-10-24T05:18:42.796+0000
137438954159|Wall of John Kumar|2010-05-19T01:14:24.976+0000
755914244784|Album 0 of John Kumar|2012-01-02T03:04:53.456+0000
412316861105|Album 1 of John Kumar|2011-01-22T12:40:37.865+0000
893353198258|Album 2 of John Kumar|2012-04-30T05:27:56.142+0000
893353198259|Album 3 of John Kumar|2012-03-18T06:59:54.195+0000
343597384372|Album 4 of John Kumar|2010-11-20T15:39:47.310+0000
824633721525|Album 5 of John Kumar|2012-02-20T20:32:09.642+0000
343597384374|Album 6 of John Kumar|2010-11-03T19:03:03.209+0000
687194768055|Album 7 of John Kumar|2011-09-29T05:35:51.665+0000
274877907640|Album 8 of John Kumar|2010-09-17T02:59:00.966+0000
343597384377|Album 9 of John Kumar|2010-11-16T22:03:21.185+0000
962072675002|Album 10 of John Kumar|2012-07-04T15:53:47.883+0000
687194768059|Album 11 of John Kumar|2011-10-07T22:41:48.796+0000
206158430908|Album 12 of John Kumar|2010-08-16T22:41:49.586+0000
206158430909|Album 13 of John Kumar|2010-08-08T16:58:03.471+0000
1030792151742|Album 14 of John Kumar|2012-07-17T20:54:21.504+0000
206158430911|Album 15 of John Kumar|2010-07-15T21:56:27.878+0000
755914244801|Album 17 of John Kumar|2011-12-17T12:58:08.259+0000
412316861122|Album 18 of John Kumar|2011-01-10T23:38:52.288+0000
206158430915|Album 19 of John Kumar|2010-08-06T19:13:32.208+0000
274877907652|Album 20 of John Kumar|2010-10-16T21:00:21.820+0000
206158430917|Album 21 of John Kumar|2010-07-04T14:07:23.340+0000
412316861126|Album 22 of John Kumar|2011-01-14T21:21:08.619+0000
962072675015|Album 23 of John Kumar|2012-07-01T04:32:49.243+0000
549755814600|Album 24 of John Kumar|2011-07-03T19:25:50.053+0000
206158430921|Album 25 of John Kumar|2010-08-06T12:06:07.855+0000
1030792151754|Album 26 of John Kumar|2012-07-10T22:38:31.719+0000
549755814603|Album 27 of John Kumar|2011-06-10T23:51:04.328+0000
137438954188|Album 28 of John Kumar|2010-05-30T08:58:01.465+0000
549755814605|Album 29 of John Kumar|2011-05-20T14:00:59.086+0000
687194768078|Album 30 of John Kumar|2011-10-11T23:37:56.512+0000
481036337871|Wall of Tissa Perera|2011-04-25T15:45:03.629+0000
137438954194|Wall of Adrian Bravo|2010-07-02T15:43:54.932+0000
824633721555|Album 0 of Adrian Bravo|2012-03-02T16:15:20.560+0000
206158430932|Album 1 of Adrian Bravo|2010-07-24T00:12:19.437+0000
481036337877|Album 2 of Adrian Bravo|2011-03-25T14:47:50.314+0000
412316861142|Album 3 of Adrian Bravo|2011-02-10T20:05:49.724+0000
481036337879|Album 4 of Adrian Bravo|2011-04-24T14:30:51.519+0000
1030792151768|Album 5 of Adrian Bravo|2012-07-09T12:21:51.946+0000
618475291353|Album 6 of Adrian Bravo|2011-07-21T01:40:04.940+0000
412316861146|Album 7 of Adrian Bravo|2011-01-14T02:02:01.098+0000
549755814619|Album 8 of Adrian Bravo|2011-06-02T20:06:30.529+0000
962072675036|Album 9 of Adrian Bravo|2012-05-21T11:46:34.357+0000
274877907678|Album 11 of Adrian Bravo|2010-10-23T04:17:28.530+0000
687194768095|Album 12 of Adrian Bravo|2011-10-23T07:42:15.217+0000
824633721568|Album 13 of Adrian Bravo|2012-03-04T21:42:01.506+0000
824633721569|Album 14 of Adrian Bravo|2012-03-05T15:52:54.491+0000
824633721570|Album 15 of Adrian Bravo|2012-02-24T00:49:05.491+0000
1030792151779|Album 16 of Adrian Bravo|2012-07-17T00:53:01.038+0000
962072675044|Album 17 of Adrian Bravo|2012-06-03T13:26:53.174+0000
343597384421|Album 18 of Adrian Bravo|2011-01-03T01:18:22.871+0000
824633721575|Album 20 of Adrian Bravo|2012-02-04T15:54:23.073+0000
1030792151784|Album 21 of Adrian Bravo|2012-08-25T14:57:07.564+0000
755914244841|Album 22 of Adrian Bravo|2011-12-24T06:17:43.743+0000
962072675050|Album 23 of Adrian Bravo|2012-06-02T08:35:53.300+0000
481036337899|Album 24 of Adrian Bravo|2011-04-30T19:29:45.822+0000
618475291372|Album 25 of Adrian Bravo|2011-08-11T17:30:17.945+0000
206158430957|Album 26 of Adrian Bravo|2010-07-15T07:23:46.685+0000
549755814638|Album 27 of Adrian Bravo|2011-05-14T11:29:35.962+0000
1030792151791|Album 28 of Adrian Bravo|2012-07-23T00:35:53.958+0000
206158430960|Album 29 of Adrian Bravo|2010-08-22T20:12:03.585+0000
687194768114|Wall of Bryn Davies|2011-10-06T01:23:41.981+0000
68719477491|Wall of Wolfgang Bauer|2010-04-18T08:29:05.447+0000
137438954228|Album 0 of Wolfgang Bauer|2010-06-21T14:23:51.051+0000
962072675061|Album 1 of Wolfgang Bauer|2012-07-06T03:48:09.244+0000
68719477494|Album 2 of Wolfgang Bauer|2010-04-23T14:51:19.596+0000
137438954231|Album 3 of Wolfgang Bauer|2010-06-10T07:05:16.865+0000
893353198328|Album 4 of Wolfgang Bauer|2012-04-15T12:51:14.539+0000
755914244857|Album 5 of Wolfgang Bauer|2011-12-31T08:33:14.837+0000
893353198331|Album 7 of Wolfgang Bauer|2012-04-06T13:49:25.387+0000
962072675069|Album 9 of Wolfgang Bauer|2012-05-24T00:46:40.117+0000
274877907710|Album 10 of Wolfgang Bauer|2010-09-15T21:06:02.043+0000
824633721599|Album 11 of Wolfgang Bauer|2012-02-24T20:31:36.776+0000
962072675072|Album 12 of Wolfgang Bauer|2012-06-18T21:39:24.026+0000
755914244865|Album 13 of Wolfgang Bauer|2011-11-18T15:00:25.862+0000
824633721602|Album 14 of Wolfgang Bauer|2012-02-21T20:32:52.485+0000
962072675075|Album 15 of Wolfgang Bauer|2012-05-22T22:02:22.145+0000
755914244868|Album 16 of Wolfgang Bauer|2011-11-28T11:37:08.651+0000
755914244869|Album 17 of Wolfgang Bauer|2011-12-05T12:04:52.580+0000
687194768134|Album 18 of Wolfgang Bauer|2011-09-23T00:10:06.459+0000
274877907719|Album 19 of Wolfgang Bauer|2010-09-27T15:50:24.248+0000
893353198344|Album 20 of Wolfgang Bauer|2012-03-11T19:58:02.607+0000
824633721609|Album 21 of Wolfgang Bauer|2012-02-14T14:52:10.059+0000
1030792151818|Album 22 of Wolfgang Bauer|2012-07-09T09:04:26.816+0000
1030792151819|Album 23 of Wolfgang Bauer|2012-08-14T22:01:57.522+0000
962072675084|Album 24 of Wolfgang Bauer|2012-06-27T16:01:19.358+0000
962072675085|Album 25 of Wolfgang Bauer|2012-05-21T03:38:20.616+0000
1099511628558|Album 26 of Wolfgang Bauer|2012-09-12T21:51:26.284+0000
137438954255|Album 27 of Wolfgang Bauer|2010-05-07T04:48:16.848+0000
549755814672|Album 28 of Wolfgang Bauer|2011-06-06T01:38:23.973+0000
343597384465|Album 29 of Wolfgang Bauer|2010-12-14T21:53:21.825+0000
1030792151827|Album 31 of Wolfgang Bauer|2012-09-07T02:12:58.004+0000
1030792151828|Wall of Ashok Singh|2012-08-03T16:44:29.967+0000
549755814677|Wall of John Johnson|2011-05-23T07:51:03.389+0000
755914244886|Wall of Chen Zhu|2011-12-28T01:43:49.514+0000
824633721623|Album 0 of Chen Zhu|2012-01-29T04:07:13.470+0000
824633721624|Album 1 of Chen Zhu|2012-03-03T07:05:30.360+0000
962072675097|Album 2 of Chen Zhu|2012-05-09T23:19:20.342+0000
893353198362|Album 3 of Chen Zhu|2012-04-05T19:59:33.236+0000
893353198363|Album 4 of Chen Zhu|2012-04-23T05:42:44.877+0000
893353198364|Album 5 of Chen Zhu|2012-03-09T20:10:24.854+0000
962072675101|Album 6 of Chen Zhu|2012-07-08T23:40:40.419+0000
962072675103|Album 8 of Chen Zhu|2012-07-01T07:01:33.602+0000
893353198368|Album 9 of Chen Zhu|2012-03-14T15:17:50.850+0000
962072675105|Album 10 of Chen Zhu|2012-05-15T07:09:12.295+0000
1030792151842|Album 11 of Chen Zhu|2012-08-20T11:54:51.896+0000
962072675107|Wall of Otto Redl|2012-05-19T23:01:36.795+0000
1030792151844|Album 0 of Otto Redl|2012-09-08T00:17:23.548+0000
962072675110|Album 2 of Otto Redl|2012-07-07T05:33:30.344+0000
962072675111|Album 3 of Otto Redl|2012-06-10T21:22:09.383+0000
962072675114|Album 6 of Otto Redl|2012-06-19T16:49:15.938+0000
206158431019|Wall of Jorge Araujo Castro|2010-08-08T13:58:16.265+0000
274877907756|Album 0 of Jorge Araujo Castro|2010-09-16T13:43:12.727+0000
412316861229|Album 1 of Jorge Araujo Castro|2011-02-14T15:22:04.379+0000
687194768174|Album 2 of Jorge Araujo Castro|2011-10-14T10:46:49.742+0000
343597384495|Album 3 of Jorge Araujo Castro|2010-11-29T22:33:35.517+0000
893353198386|Album 6 of Jorge Araujo Castro|2012-03-11T03:50:40.156+0000
687194768179|Album 7 of Jorge Araujo Castro|2011-10-27T17:40:20.629+0000
755914244916|Album 8 of Jorge Araujo Castro|2011-11-21T00:26:55.682+0000
274877907765|Album 9 of Jorge Araujo Castro|2010-09-13T20:46:32.489+0000
412316861238|Album 10 of Jorge Araujo Castro|2011-02-26T14:53:11.766+0000
481036337977|Album 13 of Jorge Araujo Castro|2011-03-23T03:21:59.302+0000
343597384506|Album 14 of Jorge Araujo Castro|2010-11-27T05:35:00.450+0000
206158431035|Album 15 of Jorge Araujo Castro|2010-08-21T19:33:23.067+0000
687194768188|Album 16 of Jorge Araujo Castro|2011-11-01T03:08:25.345+0000
687194768189|Album 17 of Jorge Araujo Castro|2011-09-14T21:43:52.810+0000
893353198398|Album 18 of Jorge Araujo Castro|2012-04-05T01:08:01.790+0000
687194768192|Album 20 of Jorge Araujo Castro|2011-10-20T17:17:32.106+0000
687194768193|Album 21 of Jorge Araujo Castro|2011-10-08T22:53:47.611+0000
755914244930|Album 22 of Jorge Araujo Castro|2011-12-04T20:44:19.912+0000
412316861251|Album 23 of Jorge Araujo Castro|2011-02-15T22:16:51.904+0000
549755814724|Album 24 of Jorge Araujo Castro|2011-06-27T11:20:46.943+0000
481036337989|Album 25 of Jorge Araujo Castro|2011-05-06T09:11:41.579+0000
824633721671|Album 27 of Jorge Araujo Castro|2012-02-14T03:13:29.647+0000
1030792151880|Album 28 of Jorge Araujo Castro|2012-08-25T14:54:55.918+0000
137438954313|Wall of Jae-Jin Park|2010-06-23T08:44:15.241+0000
1030792151883|Album 1 of Jae-Jin Park|2012-08-18T19:02:20.473+0000
687194768204|Album 2 of Jae-Jin Park|2011-09-15T01:42:21.810+0000
687194768205|Album 3 of Jae-Jin Park|2011-10-27T16:25:39.084+0000
962072675151|Album 5 of Jae-Jin Park|2012-05-10T06:44:18.189+0000
824633721680|Album 6 of Jae-Jin Park|2012-02-18T14:01:16.795+0000
274877907793|Album 7 of Jae-Jin Park|2010-09-22T06:16:38.761+0000
687194768210|Album 8 of Jae-Jin Park|2011-10-22T02:58:47.638+0000
481036338003|Album 9 of Jae-Jin Park|2011-04-30T06:56:25.690+0000
274877907796|Album 10 of Jae-Jin Park|2010-10-17T05:22:28.632+0000
755914244949|Album 11 of Jae-Jin Park|2011-12-29T04:50:29.865+0000
618475291479|Album 13 of Jae-Jin Park|2011-07-24T10:43:13.700+0000
343597384536|Album 14 of Jae-Jin Park|2010-12-10T08:59:58.555+0000
687194768217|Album 15 of Jae-Jin Park|2011-11-04T06:16:14.581+0000
962072675162|Album 16 of Jae-Jin Park|2012-05-23T17:56:30.201+0000
962072675163|Album 17 of Jae-Jin Park|2012-05-09T14:03:38.045+0000
412316861276|Album 18 of Jae-Jin Park|2011-01-08T11:53:37.762+0000
412316861277|Album 19 of Jae-Jin Park|2011-02-19T15:46:32.413+0000
137438954334|Album 20 of Jae-Jin Park|2010-06-24T06:00:35.653+0000
687194768223|Album 21 of Jae-Jin Park|2011-11-01T07:07:41.728+0000
481036338017|Album 23 of Jae-Jin Park|2011-03-17T17:40:57.063+0000
755914244962|Album 24 of Jae-Jin Park|2011-12-07T03:28:02.445+0000
343597384548|Album 26 of Jae-Jin Park|2010-12-02T08:23:00.537+0000
274877907814|Album 28 of Jae-Jin Park|2010-10-21T01:13:03.146+0000
755914244967|Album 29 of Jae-Jin Park|2012-01-04T07:12:44.467+0000
872|Wall of Anson Chen|2010-01-17T12:10:37.592+0000
824633721705|Album 0 of Anson Chen|2012-01-17T22:15:19.834+0000
481036338026|Album 1 of Anson Chen|2011-03-11T06:20:36.639+0000
206158431083|Album 2 of Anson Chen|2010-08-17T23:48:58.202+0000
618475291500|Album 3 of Anson Chen|2011-08-04T00:12:17.216+0000
877|Album 4 of Anson Chen|2010-02-12T11:32:35.310+0000
481036338030|Album 5 of Anson Chen|2011-03-14T12:43:00.869+0000
206158431087|Album 6 of Anson Chen|2010-08-24T23:07:46.903+0000
893353198448|Album 7 of Anson Chen|2012-03-27T08:29:31.004+0000
206158431089|Album 8 of Anson Chen|2010-07-05T23:38:34.569+0000
824633721714|Album 9 of Anson Chen|2012-01-14T14:18:20.923+0000
893353198451|Album 10 of Anson Chen|2012-03-18T14:29:07.247+0000
412316861300|Album 11 of Anson Chen|2011-01-10T07:55:36.332+0000
343597384565|Album 12 of Anson Chen|2010-11-08T05:57:02.864+0000
343597384566|Album 13 of Anson Chen|2010-11-06T12:10:13.117+0000
962072675191|Album 14 of Anson Chen|2012-05-14T21:58:49.210+0000
137438954360|Album 15 of Anson Chen|2010-06-15T09:31:46.842+0000
962072675193|Album 16 of Anson Chen|2012-05-12T15:33:03.988+0000
890|Album 17 of Anson Chen|2010-02-05T14:02:51.105+0000
68719477627|Album 18 of Anson Chen|2010-04-18T03:37:17.884+0000
412316861308|Album 19 of Anson Chen|2011-01-26T18:25:07.566+0000
481036338045|Album 20 of Anson Chen|2011-03-21T09:47:05.047+0000
137438954366|Album 21 of Anson Chen|2010-05-27T10:18:49.790+0000
1030792151935|Album 22 of Anson Chen|2012-07-12T08:51:14.161+0000
687194768256|Album 23 of Anson Chen|2011-10-28T16:14:17.511+0000
412316861313|Album 24 of Anson Chen|2011-01-16T15:39:52.991+0000
893353198466|Album 25 of Anson Chen|2012-04-12T08:53:39.984+0000
962072675203|Album 26 of Anson Chen|2012-05-18T13:41:22.080+0000
412316861316|Album 27 of Anson Chen|2011-02-19T18:19:08.121+0000
1030792151941|Album 28 of Anson Chen|2012-09-03T22:24:42.936+0000
755914244998|Album 29 of Anson Chen|2011-11-28T21:24:25.194+0000
824633721735|Album 30 of Anson Chen|2012-02-09T00:39:03.462+0000
824633721737|Album 32 of Anson Chen|2012-01-15T18:48:37.189+0000
618475291530|Album 33 of Anson Chen|2011-08-23T01:14:49.672+0000
962072675211|Album 34 of Anson Chen|2012-05-09T06:51:34.229+0000
137438954380|Wall of Cheng Chen|2010-06-11T16:33:54.057+0000
1030792151949|Wall of A. Sen|2012-08-28T15:05:46.410+0000
481036338062|Wall of Abdul Haris Tobing|2011-04-04T00:38:27.501+0000
343597384592|Wall of Alejandro Rodriguez|2010-12-22T06:55:03.357+0000
962072675217|Album 0 of Alejandro Rodriguez|2012-05-14T04:38:19.370+0000
1030792151954|Album 1 of Alejandro Rodriguez|2012-08-09T00:18:33.755+0000
481036338067|Album 2 of Alejandro Rodriguez|2011-04-28T18:07:51.640+0000
549755814805|Album 4 of Alejandro Rodriguez|2011-05-26T21:46:06.098+0000
1030792151959|Album 6 of Alejandro Rodriguez|2012-08-14T16:04:32.287+0000
893353198488|Album 7 of Alejandro Rodriguez|2012-04-29T02:35:56.534+0000
893353198489|Album 8 of Alejandro Rodriguez|2012-05-02T15:10:50.609+0000
962072675226|Album 9 of Alejandro Rodriguez|2012-07-05T11:50:57.490+0000
1030792151963|Album 10 of Alejandro Rodriguez|2012-07-23T18:29:57.231+0000
893353198492|Album 11 of Alejandro Rodriguez|2012-04-08T06:45:00.120+0000
755914245021|Album 12 of Alejandro Rodriguez|2011-12-02T23:16:43.148+0000
893353198494|Album 13 of Alejandro Rodriguez|2012-03-30T12:33:40.184+0000
412316861343|Album 14 of Alejandro Rodriguez|2011-01-09T17:21:43.164+0000
618475291552|Album 15 of Alejandro Rodriguez|2011-08-29T10:18:13.038+0000
755914245025|Album 16 of Alejandro Rodriguez|2012-01-03T16:56:30.425+0000
687194768290|Album 17 of Alejandro Rodriguez|2011-09-27T22:16:03.104+0000
824633721765|Album 20 of Alejandro Rodriguez|2012-02-08T14:21:49.515+0000
962072675238|Album 21 of Alejandro Rodriguez|2012-06-16T17:09:27.292+0000
962072675239|Album 22 of Alejandro Rodriguez|2012-07-08T22:11:40.207+0000
481036338088|Album 23 of Alejandro Rodriguez|2011-03-08T15:00:45.972+0000
755914245033|Wall of Alexei Kahnovich|2011-12-10T14:46:41.030+0000
824633721774|Wall of Joakim Larsson|2012-02-26T13:03:30.835+0000
755914245039|Wall of Mirza Kalich Ali|2012-01-04T07:38:09.956+0000
206158431154|Wall of Fritz Engel|2010-07-07T12:14:34.113+0000
343597384627|Wall of Hans Johansson|2010-12-11T12:19:14.847+0000
755914245044|Album 0 of Hans Johansson|2011-12-16T21:16:12.620+0000
687194768309|Album 1 of Hans Johansson|2011-10-22T03:52:50.013+0000
687194768310|Album 2 of Hans Johansson|2011-10-21T22:08:14.706+0000
824633721783|Album 3 of Hans Johansson|2012-01-29T07:29:20.947+0000
755914245049|Album 5 of Hans Johansson|2011-11-15T17:32:04.072+0000
343597384634|Album 6 of Hans Johansson|2010-12-16T17:59:47.062+0000
481036338108|Album 8 of Hans Johansson|2011-04-16T08:21:46.968+0000
343597384637|Album 9 of Hans Johansson|2010-12-14T03:14:05.319+0000
549755814847|Album 11 of Hans Johansson|2011-06-16T23:54:29.092+0000
549755814848|Album 12 of Hans Johansson|2011-05-27T06:20:23.900+0000
343597384641|Album 13 of Hans Johansson|2010-12-27T02:56:01.411+0000
687194768322|Album 14 of Hans Johansson|2011-09-16T23:54:08.259+0000
893353198531|Album 15 of Hans Johansson|2012-05-03T08:13:37.683+0000
618475291588|Album 16 of Hans Johansson|2011-08-02T18:30:31.889+0000
755914245061|Album 17 of Hans Johansson|2012-01-01T10:32:14.264+0000
549755814854|Album 18 of Hans Johansson|2011-05-30T02:30:24.235+0000
1030792152007|Album 19 of Hans Johansson|2012-07-27T18:12:44.798+0000
481036338120|Album 20 of Hans Johansson|2011-03-22T21:19:41.193+0000
412316861385|Album 21 of Hans Johansson|2011-03-06T05:25:25.227+0000
824633721803|Album 23 of Hans Johansson|2012-01-20T17:20:24.229+0000
687194768332|Album 24 of Hans Johansson|2011-11-05T03:11:56.093+0000
824633721805|Wall of Alfonso Rodriguez|2012-02-11T23:08:26.056+0000
824633721806|Album 0 of Alfonso Rodriguez|2012-02-26T03:10:38.457+0000
1030792152015|Album 1 of Alfonso Rodriguez|2012-09-07T04:32:59.906+0000
962072675280|Album 2 of Alfonso Rodriguez|2012-06-01T18:47:18.604+0000
962072675281|Album 3 of Alfonso Rodriguez|2012-07-06T04:46:08.395+0000
893353198549|Album 7 of Alfonso Rodriguez|2012-03-17T18:03:47.381+0000
962072675286|Album 8 of Alfonso Rodriguez|2012-06-30T14:38:18.479+0000
