Person.id|Post.id|creationDate
15393162788906|824633720869|2012-06-01T00:14:16.132+0000
15393162788906|824633720871|2012-05-29T21:29:21.524+0000
15393162788906|824633721275|2012-02-28T11:01:11.022+0000
19791209299986|824633721275|2012-02-24T04:16:16.013+0000
21990232555524|824633721275|2012-02-24T13:48:56.670+0000
32985348833314|824633721275|2012-08-18T14:20:01.020+0000
19791209299986|755914244587|2012-03-11T16:29:49.933+0000
21990232555524|412316860959|2012-03-27T07:39:46.515+0000
15393162788906|412316860961|2011-08-12T18:07:17.665+0000
21990232555524|412316860961|2012-03-27T15:47:01.845+0000
15393162788906|755914244671|2012-08-04T23:16:11.053+0000
19791209299986|755914244671|2012-06-14T21:43:51.857+0000
21990232555524|755914244671|2012-07-06T10:20:11.472+0000
21990232555524|755914244674|2012-07-11T15:13:45.069+0000
15393162788906|687194767996|2012-02-11T01:25:09.591+0000
19791209299986|687194767996|2012-01-30T09:41:17.542+0000
21990232555524|687194767996|2012-01-02T05:23:03.559+0000
19791209299986|687194767997|2012-01-29T00:20:16.691+0000
21990232555524|481036337823|2012-08-12T06:54:27.287+0000
21990232555524|481036337830|2012-08-09T03:12:23.198+0000
21990232555524|549755814573|2012-06-10T18:25:52.472+0000
21990232555524|549755814575|2012-06-11T05:57:01.414+0000
21990232555524|549755814591|2012-06-09T20:23:19.377+0000
19791209299986|481036337856|2012-07-14T06:17:35.825+0000
21990232555524|481036337856|2012-01-21T00:54:00.290+0000
15393162788906|481036337863|2012-04-16T08:51:16.773+0000
19791209299986|481036337864|2012-07-13T02:50:24.753+0000
21990232555524|962072675097|2012-07-09T12:51:09.732+0000
10995116277788|687194768547|2012-01-13T15:50:00.988+0000
10995116277788|687194768556|2012-03-07T16:06:30.496+0000
10995116277788|687194768630|2012-03-27T13:47:09.818+0000
10995116277788|687194768636|2012-03-27T14:42:35.134+0000
10995116277788|687194768644|2012-03-27T07:51:43.252+0000
10995116277788|962072675592|2012-08-02T13:26:21.283+0000
10995116277788|962072675595|2012-08-02T21:07:34.428+0000
10995116277788|343597384972|2011-05-21T15:12:56.211+0000
10995116277788|755914245406|2011-12-01T05:58:20.314+0000
10995116277788|755914245411|2011-12-01T21:02:08.763+0000
10995116277788|412316861767|2012-07-07T01:28:57.724+0000
10995116277788|755914245452|2012-06-30T07:16:34.689+0000
6597069766733|549755815325|2011-05-22T17:59:46.663+0000
10995116277788|549755815325|2011-05-20T14:23:22.026+0000
17592186044425|549755815325|2011-06-16T20:14:30.796+0000
19791209299984|549755815325|2011-08-18T19:32:09.824+0000
21990232555524|549755815325|2011-10-18T14:33:28.665+0000
24189255811103|549755815325|2012-01-05T08:51:28.423+0000
24189255811116|549755815325|2012-01-09T11:49:50.569+0000
32985348833314|549755815325|2012-08-26T10:07:36.807+0000
6597069766720|962072676465|2012-08-29T04:22:31.719+0000
6597069766720|962072676466|2012-08-25T12:05:53.778+0000
21990232555524|962072676466|2012-09-08T02:42:15.473+0000
21990232555524|893353199779|2012-09-04T18:35:08.604+0000
15393162788865|687194769690|2012-01-04T01:35:41.100+0000
15393162788865|1030792153397|2012-09-12T19:04:49.426+0000
15393162788865|1030792153398|2012-09-13T07:13:10.313+0000
15393162788865|687194769740|2012-06-25T19:20:00.014+0000
4398046511163|893353200034|2012-04-28T10:31:34.242+0000
15393162788865|893353200034|2012-05-02T15:52:26.115+0000
17592186044504|893353200034|2012-05-01T10:24:06.588+0000
21990232555571|893353200034|2012-04-28T20:32:10.371+0000
24189255811116|893353200034|2012-04-29T18:42:15.337+0000
32985348833329|893353200034|2012-08-15T08:00:23.810+0000
24189255811116|824633723357|2012-05-06T18:31:38.209+0000
21990232555571|824633723370|2012-08-08T22:05:56.901+0000
21990232555571|824633723378|2012-07-11T00:23:33.163+0000
21990232555571|824633723383|2012-07-07T14:33:44.529+0000
32985348833329|824633723383|2012-08-17T06:13:49.412+0000
4398046511163|824633723408|2012-08-27T16:05:36.797+0000
21990232555571|824633723408|2012-04-16T11:17:28.187+0000
24189255811116|824633723408|2012-04-29T08:27:37.540+0000
4398046511163|618475293201|2012-01-22T15:29:09.876+0000
21990232555571|618475293249|2012-08-26T20:27:55.172+0000
4398046511163|618475293253|2011-11-25T15:11:03.254+0000
4398046511163|618475293254|2011-11-24T15:30:26.050+0000
17592186044504|618475293254|2011-12-09T08:38:12.323+0000
21990232555571|618475293254|2012-08-26T17:06:48.719+0000
6597069766733|274877909633|2011-03-21T23:08:04.072+0000
6597069766733|481036339900|2011-06-21T19:23:28.073+0000
21990232555586|481036339900|2012-06-09T20:22:23.811+0000
6597069766733|481036339907|2011-06-24T14:57:29.886+0000
21990232555586|1030792153871|2012-09-12T02:56:44.378+0000
21990232555586|824633723706|2012-07-14T16:53:49.934+0000
21990232555586|824633723711|2012-07-15T11:32:52.061+0000
21990232555586|549755816788|2011-12-11T22:35:06.532+0000
6597069766733|206158433147|2012-06-19T06:21:59.963+0000
6597069766733|206158433149|2012-06-22T18:21:48.432+0000
21990232555586|206158433149|2011-12-09T07:07:31.152+0000
6597069766733|893353200515|2012-06-20T00:15:18.169+0000
6597069766733|893353200516|2012-06-25T16:59:34.018+0000
21990232555586|893353200516|2012-05-10T14:15:15.753+0000
96|412316863375|2011-02-16T18:26:46.731+0000
96|824633723807|2012-03-02T15:59:17.389+0000
15393162788893|824633723807|2012-08-17T01:25:49.047+0000
17592186044425|824633723807|2012-07-01T17:31:50.789+0000
21990232555524|824633723807|2012-05-04T03:02:56.914+0000
15393162788893|481036340171|2012-06-02T21:55:04.585+0000
17592186044425|481036340171|2011-10-15T06:19:54.728+0000
21990232555524|481036340171|2012-08-26T01:32:25.215+0000
15393162788893|618475293657|2011-11-25T15:16:39.510+0000
17592186044425|618475293657|2011-08-20T22:03:28.261+0000
15393162788893|618475293661|2011-11-25T14:43:51.904+0000
17592186044425|618475293661|2011-08-18T10:54:48.020+0000
17592186044425|412316863495|2012-06-29T05:54:23.634+0000
17592186044425|412316863500|2012-06-30T15:06:51.326+0000
15393162788893|549755816976|2012-05-11T17:39:01.911+0000
96|549755816987|2012-05-12T23:05:00.795+0000
96|412316863537|2012-07-27T09:29:57.817+0000
96|412316863540|2012-07-26T17:14:15.588+0000
17592186044425|618475293754|2012-08-28T16:04:45.763+0000
21990232555524|824633723983|2012-06-08T07:00:52.244+0000
21990232555524|893353200756|2012-06-04T00:56:07.676+0000
19791209299968|893353200818|2012-04-20T10:57:10.177+0000
94|1030792154323|2012-09-09T00:22:38.574+0000
19791209299968|1030792154323|2012-08-08T10:28:10.229+0000
32985348833329|962072677595|2012-09-03T16:17:35.386+0000
21990232555586|962072677598|2012-08-16T14:58:22.515+0000
94|962072677635|2012-07-29T14:29:26.397+0000
15393162788906|962072677635|2012-07-11T03:47:15.075+0000
17592186044459|962072677635|2012-08-11T23:11:29.026+0000
94|962072677639|2012-07-27T14:13:32.090+0000
4398046511145|343597387106|2010-11-30T09:31:24.540+0000
4398046511154|343597387106|2010-11-28T15:42:11.511+0000
4398046511163|343597387106|2010-11-26T22:13:43.213+0000
4398046511180|343597387106|2010-11-25T06:17:41.493+0000
4398046511185|343597387106|2010-11-26T09:09:45.419+0000
6597069766659|343597387106|2010-11-26T13:53:48.731+0000
10995116277788|343597387106|2011-01-06T15:38:06.302+0000
10995116277820|343597387106|2010-12-20T08:51:15.260+0000
13194139533320|343597387106|2011-03-12T04:15:14.626+0000
15393162788906|343597387106|2011-04-20T19:57:18.482+0000
19791209299984|343597387106|2011-08-25T08:50:47.766+0000
19791209300021|343597387106|2011-09-16T23:29:26.876+0000
19791209300058|343597387106|2011-09-03T00:04:25.782+0000
21990232555524|343597387106|2011-10-28T03:50:38.520+0000
21990232555586|343597387106|2011-10-10T15:49:40.511+0000
21990232555617|343597387106|2011-11-13T13:16:09.246+0000
24189255811099|343597387106|2012-01-20T06:44:23.116+0000
24189255811103|343597387106|2011-12-21T06:06:20.823+0000
24189255811116|343597387106|2011-12-12T18:43:05.393+0000
26388279066654|343597387106|2012-03-01T09:12:21.491+0000
26388279066664|343597387106|2012-01-11T22:56:35.008+0000
30786325577752|343597387106|2012-06-17T20:09:37.988+0000
30786325577784|343597387106|2012-06-14T08:21:49.972+0000
32985348833314|343597387106|2012-08-11T21:54:39.048+0000
4398046511185|274877910373|2010-10-06T11:48:40.386+0000
32985348833314|755914247539|2012-08-10T14:44:19.138+0000
13194139533320|755914247613|2011-12-19T03:42:39.100+0000
4398046511163|687194770893|2011-10-15T14:24:44.803+0000
4398046511180|687194770893|2011-10-12T18:33:21.112+0000
4398046511185|687194770893|2011-10-12T13:14:16.942+0000
6597069766659|687194770893|2011-10-12T06:49:36.728+0000
10995116277788|687194770893|2011-10-12T03:05:47.528+0000
10995116277820|687194770893|2011-10-12T08:14:28.818+0000
13194139533320|687194770893|2011-10-13T08:09:06.129+0000
15393162788906|687194770893|2011-10-15T20:57:15.683+0000
19791209299984|687194770893|2011-10-13T19:23:10.026+0000
19791209300021|687194770893|2011-10-12T20:33:20.964+0000
19791209300058|687194770893|2011-10-13T07:26:59.143+0000
21990232555524|687194770893|2011-10-26T15:25:04.450+0000
21990232555586|687194770893|2011-10-15T21:51:35.715+0000
21990232555617|687194770893|2011-11-18T02:02:20.089+0000
24189255811099|687194770893|2012-01-23T02:21:17.818+0000
24189255811103|687194770893|2011-12-20T23:54:52.213+0000
24189255811116|687194770893|2011-12-17T12:28:20.398+0000
26388279066654|687194770893|2012-03-04T01:10:12.840+0000
26388279066664|687194770893|2012-01-13T03:09:42.081+0000
30786325577752|687194770893|2012-06-20T05:32:21.654+0000
30786325577784|687194770893|2012-06-12T07:37:48.180+0000
32985348833314|687194770893|2012-08-10T09:09:33.042+0000
4398046511145|824633724463|2012-02-21T09:58:23.665+0000
4398046511154|824633724463|2012-02-21T15:22:37.669+0000
4398046511163|824633724463|2012-02-21T13:40:15.292+0000
4398046511180|824633724463|2012-02-24T04:52:38.392+0000
4398046511185|824633724463|2012-02-22T22:32:14.078+0000
6597069766659|824633724463|2012-02-21T09:03:59.416+0000
10995116277788|824633724463|2012-02-21T12:06:07.980+0000
10995116277820|824633724463|2012-02-22T11:37:18.258+0000
13194139533320|824633724463|2012-02-21T14:55:13.085+0000
15393162788906|824633724463|2012-02-21T09:02:34.101+0000
19791209299984|824633724463|2012-02-24T22:26:44.736+0000
19791209300021|824633724463|2012-02-24T00:19:32.127+0000
19791209300058|824633724463|2012-02-22T14:04:52.114+0000
21990232555524|824633724463|2012-02-22T00:28:31.144+0000
21990232555586|824633724463|2012-02-21T16:29:42.918+0000
21990232555617|824633724463|2012-02-22T08:48:18.562+0000
24189255811099|824633724463|2012-02-21T21:17:54.529+0000
24189255811103|824633724463|2012-02-21T10:23:52.270+0000
24189255811116|824633724463|2012-02-25T12:20:08.007+0000
4398046511145|824633724531|2012-02-23T10:55:58.703+0000
4398046511154|824633724531|2012-02-20T15:17:32.012+0000
4398046511163|824633724531|2012-02-25T02:49:58.972+0000
4398046511180|824633724531|2012-02-21T18:17:30.954+0000
4398046511185|824633724531|2012-02-20T11:00:14.519+0000
6597069766659|824633724531|2012-02-21T15:36:58.931+0000
10995116277788|824633724531|2012-02-26T14:02:53.691+0000
10995116277820|824633724531|2012-02-20T16:54:47.119+0000
13194139533320|824633724531|2012-02-20T04:37:54.870+0000
15393162788906|824633724531|2012-02-21T19:16:15.244+0000
19791209299984|824633724531|2012-02-21T09:53:54.386+0000
19791209300021|824633724531|2012-02-22T11:04:49.305+0000
19791209300058|824633724531|2012-02-21T02:25:21.503+0000
21990232555524|824633724531|2012-02-20T06:36:17.653+0000
21990232555586|824633724531|2012-02-25T17:29:19.612+0000
21990232555617|824633724531|2012-02-22T14:08:23.246+0000
24189255811099|824633724531|2012-02-20T10:14:03.362+0000
24189255811103|824633724531|2012-02-21T05:03:09.477+0000
24189255811116|824633724531|2012-02-20T04:54:08.277+0000
26388279066654|824633724531|2012-03-01T16:41:33.559+0000
26388279066664|824633724531|2012-02-20T22:54:07.071+0000
30786325577752|824633724531|2012-06-18T11:11:35.407+0000
30786325577784|824633724531|2012-06-10T15:54:44.866+0000
32985348833314|824633724531|2012-08-09T19:07:29.516+0000
15393162788893|412316864271|2011-12-10T06:40:41.858+0000
4398046511177|343597387548|2010-12-04T18:35:52.991+0000
4398046511180|343597387548|2011-10-06T23:35:27.587+0000
6597069766725|343597387548|2012-01-29T12:20:00.707+0000
13194139533391|343597387548|2012-07-15T07:56:18.375+0000
15393162788893|343597387548|2012-04-24T07:34:59.223+0000
19791209300020|343597387548|2012-06-10T09:51:10.504+0000
21990232555571|343597387548|2011-11-12T10:30:44.146+0000
4398046511180|412316864292|2011-04-07T21:25:15.173+0000
15393162788893|412316864292|2011-12-22T01:21:34.913+0000
15393162788906|412316864292|2011-06-17T07:36:24.900+0000
19791209300020|412316864292|2012-09-12T14:04:50.615+0000
21990232555571|412316864292|2012-07-16T06:46:57.181+0000
30786325577784|412316864292|2012-08-20T05:36:21.196+0000
4398046511180|412316864299|2011-04-07T16:29:33.675+0000
15393162788893|412316864299|2011-12-20T02:22:07.293+0000
15393162788906|412316864299|2011-06-19T22:17:11.532+0000
19791209300020|412316864299|2012-09-12T21:23:07.256+0000
21990232555571|412316864299|2012-07-15T15:54:53.904+0000
30786325577784|412316864299|2012-08-23T08:43:37.871+0000
19791209300020|1030792154956|2012-08-20T15:23:29.546+0000
6597069766720|274877910919|2011-09-22T13:17:22.713+0000
6597069766725|274877910919|2012-06-17T06:43:55.552+0000
13194139533391|274877910919|2011-09-30T09:20:02.772+0000
26388279066664|274877910919|2012-07-08T13:30:26.078+0000
6597069766720|274877910920|2011-09-23T05:35:44.693+0000
6597069766725|274877910920|2012-06-16T19:46:41.387+0000
13194139533391|274877910920|2011-10-01T23:08:19.044+0000
26388279066664|274877910920|2012-07-05T11:52:37.586+0000
6597069766720|962072678291|2012-07-27T11:37:21.908+0000
6597069766725|962072678291|2012-08-21T22:50:51.359+0000
13194139533391|962072678291|2012-08-05T18:38:45.115+0000
15393162788893|962072678291|2012-07-29T08:21:20.537+0000
4398046511177|549755817915|2012-06-15T01:55:00.124+0000
4398046511180|549755817915|2012-03-21T22:03:52.756+0000
15393162788893|549755817915|2012-03-07T15:22:10.894+0000
21990232555571|549755817915|2012-06-25T03:41:44.989+0000
26388279066664|549755817915|2012-01-24T01:56:38.317+0000
30786325577784|549755817915|2012-07-12T19:42:12.586+0000
32985348833314|549755817915|2012-08-25T07:17:49.070+0000
15393162788906|893353201629|2012-06-26T18:42:08.420+0000
6597069766725|893353201633|2012-05-11T19:40:50.337+0000
26388279066664|687194771440|2012-04-23T08:39:55.207+0000
4398046511177|549755817987|2012-04-24T09:32:08.233+0000
6597069766720|549755817987|2012-04-25T20:48:55.916+0000
13194139533391|549755817987|2011-09-08T23:18:58.409+0000
15393162788893|549755817987|2012-01-29T19:37:55.414+0000
19791209300020|274877911053|2012-07-17T07:25:07.361+0000
4398046511180|412316864537|2012-05-31T07:19:16.106+0000
6597069766725|412316864537|2011-12-20T03:27:38.256+0000
13194139533391|412316864537|2012-07-27T14:14:16.865+0000
15393162788906|412316864537|2011-11-22T21:38:56.331+0000
19791209300020|412316864537|2012-04-23T11:45:30.551+0000
26388279066664|412316864537|2012-06-03T00:18:40.483+0000
15393162788906|412316864539|2011-11-23T05:18:17.062+0000
4398046511180|893353201704|2012-08-05T16:52:29.015+0000
6597069766720|893353201704|2012-05-07T14:35:14.551+0000
6597069766725|893353201704|2012-07-11T12:21:16.042+0000
15393162788906|893353201704|2012-06-01T14:58:53.255+0000
4398046511180|893353201706|2012-08-03T05:46:00.187+0000
6597069766720|893353201706|2012-05-05T20:41:50.033+0000
6597069766725|893353201706|2012-07-12T04:01:39.703+0000
15393162788906|893353201706|2012-05-31T02:18:02.866+0000
4398046511180|893353201736|2012-06-01T02:13:21.944+0000
6597069766720|893353201736|2012-03-23T07:44:19.580+0000
6597069766725|893353201736|2012-08-30T07:44:32.347+0000
15393162788906|893353201736|2012-06-01T16:28:39.801+0000
21990232555571|893353201736|2012-05-25T14:22:42.074+0000
30786325577784|893353201736|2012-09-08T08:39:24.088+0000
4398046511180|893353201737|2012-06-04T03:07:55.022+0000
6597069766720|893353201737|2012-03-22T16:58:16.364+0000
6597069766725|893353201737|2012-08-30T10:01:12.151+0000
15393162788906|893353201737|2012-06-04T05:02:18.705+0000
21990232555571|893353201737|2012-05-25T13:07:14.437+0000
30786325577784|893353201737|2012-09-07T03:17:08.227+0000
17592186044425|206158434399|2011-07-02T22:44:19.216+0000
21990232555524|206158434399|2011-10-10T15:29:13.558+0000
21990232555611|206158434399|2011-11-19T17:13:00.840+0000
26388279066664|206158434399|2012-01-17T18:38:15.537+0000
32985348833378|206158434399|2012-09-11T09:52:45.016+0000
17592186044425|137438957683|2011-06-30T16:21:31.532+0000
21990232555524|137438957683|2011-10-09T12:17:15.175+0000
21990232555611|137438957683|2011-11-21T09:58:31.839+0000
26388279066664|137438957683|2012-01-18T21:31:31.776+0000
32985348833378|137438957683|2012-09-11T09:52:16.230+0000
26388279066664|1030792155255|2012-07-23T04:35:56.839+0000
17592186044425|206158434430|2011-12-15T21:19:37.649+0000
21990232555524|206158434430|2011-10-28T14:14:03.852+0000
21990232555611|206158434430|2012-07-31T16:09:56.262+0000
21990232555524|618475294855|2012-02-07T23:09:38.638+0000
21990232555524|618475294862|2012-02-06T14:03:41.443+0000
21990232555524|755914248375|2012-09-01T08:13:01.951+0000
21990232555524|755914248380|2012-08-30T09:54:41.238+0000
21990232555524|755914248385|2012-09-03T02:44:21.280+0000
21990232555611|755914248385|2012-05-08T05:49:57.823+0000
21990232555524|206158434513|2011-12-06T06:42:14.678+0000
21990232555524|4321|2011-12-11T15:38:43.120+0000
21990232555524|4323|2011-12-08T05:49:49.990+0000
17592186044425|687194771701|2011-12-03T00:23:30.486+0000
21990232555524|687194771701|2012-03-26T09:52:45.550+0000
21990232555611|687194771701|2011-12-08T10:27:23.478+0000
17592186044425|687194771703|2011-12-02T18:42:55.940+0000
21990232555524|687194771703|2012-03-24T09:59:26.206+0000
21990232555611|687194771703|2011-12-11T02:04:17.741+0000
21990232555524|687194771704|2012-03-28T07:33:23.330+0000
17592186044425|274877911327|2012-08-03T06:26:05.790+0000
21990232555524|274877911327|2012-08-02T07:42:11.446+0000
21990232555611|274877911327|2012-07-11T20:26:46.048+0000
17592186044425|274877911328|2012-08-04T12:59:04.253+0000
21990232555524|274877911328|2012-08-02T08:18:26.012+0000
21990232555611|274877911328|2012-07-14T03:36:16.192+0000
17592186044425|481036341543|2012-05-02T06:47:38.956+0000
21990232555611|481036341543|2011-11-23T22:56:27.522+0000
17592186044425|687194771769|2011-11-19T17:50:37.313+0000
21990232555611|687194771769|2012-02-18T00:41:03.156+0000
26388279066664|687194771769|2012-02-23T00:53:54.771+0000
21990232555611|687194771776|2012-02-22T16:57:19.319+0000
17592186044425|68719481185|2011-12-04T13:40:56.281+0000
21990232555611|68719481185|2012-03-19T19:02:27.193+0000
17592186044425|68719481187|2011-12-04T19:31:12.448+0000
21990232555524|549755818391|2012-07-07T05:49:04.391+0000
21990232555611|549755818391|2012-02-29T10:18:40.729+0000
26388279066664|549755818391|2012-02-19T11:59:42.693+0000
26388279066664|549755818399|2012-02-19T14:16:40.199+0000
21990232555524|274877911465|2012-06-27T18:50:39.437+0000
21990232555524|549755818439|2012-08-01T21:53:23.389+0000
21990232555524|481036341709|2012-03-10T09:23:21.345+0000
21990232555524|481036341715|2012-03-11T04:59:30.420+0000
17592186044425|274877911530|2011-10-12T23:52:27.355+0000
21990232555524|274877911530|2012-06-03T08:40:42.926+0000
17592186044425|274877911540|2011-10-15T23:19:55.268+0000
21990232555524|274877911540|2012-06-04T07:40:06.290+0000
15393162788893|1030792155646|2012-07-17T22:39:52.016+0000
4398046511145|893353202255|2012-03-23T08:31:17.179+0000
10995116277765|893353202255|2012-03-22T14:52:04.617+0000
10995116277820|893353202255|2012-03-23T20:36:03.070+0000
10995116277846|893353202255|2012-03-22T23:47:30.519+0000
13194139533344|893353202255|2012-03-27T00:28:25.505+0000
15393162788865|893353202255|2012-03-23T04:22:37.238+0000
15393162788893|893353202255|2012-03-23T21:52:33.537+0000
15393162788906|893353202255|2012-03-23T19:42:03.904+0000
15393162788911|893353202255|2012-03-23T08:58:05.219+0000
19791209299968|893353202255|2012-03-23T03:41:52.692+0000
19791209300004|893353202255|2012-03-26T06:59:12.568+0000
19791209300058|893353202255|2012-03-26T19:14:55.803+0000
21990232555524|893353202255|2012-03-23T16:04:30.052+0000
21990232555571|893353202255|2012-03-23T01:21:34.391+0000
21990232555617|893353202255|2012-03-23T02:26:40.328+0000
24189255811086|893353202255|2012-03-25T21:45:07.965+0000
24189255811103|893353202255|2012-03-23T02:12:10.935+0000
4398046511145|824633725598|2012-02-15T06:21:37.326+0000
10995116277820|824633725598|2012-03-20T11:48:03.960+0000
10995116277846|824633725598|2012-03-17T16:24:32.755+0000
13194139533344|824633725598|2012-07-23T13:32:52.289+0000
19791209299968|824633725598|2012-03-08T00:10:10.603+0000
19791209300004|824633725598|2012-07-20T05:54:28.968+0000
21990232555524|824633725598|2012-03-26T16:55:33.780+0000
28587302322256|824633725598|2012-05-25T09:04:52.788+0000
10995116277846|687194772138|2012-02-21T15:07:42.605+0000
15393162788865|687194772138|2012-03-20T14:53:00.987+0000
19791209300004|687194772138|2012-04-27T04:26:57.402+0000
19791209300058|687194772138|2012-01-31T00:16:03.676+0000
21990232555571|687194772138|2012-05-30T11:07:51.278+0000
24189255811086|687194772138|2012-06-19T20:57:42.980+0000
2199023255637|824633725626|2012-07-03T10:52:38.399+0000
10995116277820|824633725626|2012-03-22T11:47:12.371+0000
10995116277846|824633725626|2012-04-27T15:38:46.691+0000
15393162788911|824633725626|2012-07-04T01:14:30.237+0000
19791209300058|824633725626|2012-07-29T21:35:17.564+0000
21990232555524|824633725626|2012-03-10T17:02:05.722+0000
21990232555617|824633725626|2012-05-25T19:31:11.754+0000
24189255811116|824633725626|2012-06-18T17:49:48.627+0000
10995116277846|1030792155858|2012-09-08T13:25:53.944+0000
94|1030792155859|2012-09-04T11:19:01.418+0000
10995116277846|1030792155859|2012-09-09T15:46:19.095+0000
24189255811116|1030792155859|2012-08-24T14:25:16.607+0000
15393162788911|1030792155883|2012-08-30T05:13:18.814+0000
19791209300004|1030792155883|2012-08-25T21:09:36.302+0000
24189255811103|1030792155883|2012-08-28T06:20:40.443+0000
24189255811116|1030792155883|2012-08-20T23:48:31.520+0000
10995116277846|755914248947|2012-07-14T23:13:08.068+0000
94|755914248949|2012-02-19T09:56:09.488+0000
2199023255637|755914248949|2012-01-08T10:04:16.365+0000
10995116277846|755914248949|2012-07-12T08:14:34.617+0000
15393162788865|755914248949|2012-03-27T15:37:41.320+0000
15393162788906|755914248949|2012-07-19T02:45:00.887+0000
19791209299968|755914248949|2012-08-14T02:23:07.470+0000
19791209300004|755914248949|2012-07-06T23:10:39.016+0000
21990232555617|755914248949|2012-01-29T19:50:05.467+0000
24189255811116|755914248949|2012-05-05T13:57:06.129+0000
28587302322256|755914248949|2012-07-16T07:24:00.362+0000
24189255811116|755914248956|2012-05-09T09:24:00.977+0000
94|755914248957|2012-02-20T19:28:52.870+0000
2199023255637|755914248957|2012-01-05T00:07:30.023+0000
10995116277846|755914248957|2012-07-12T22:00:47.424+0000
15393162788865|755914248957|2012-03-25T19:30:08.229+0000
15393162788906|755914248957|2012-07-21T00:09:19.927+0000
19791209299968|755914248957|2012-08-10T13:33:57.022+0000
19791209300004|755914248957|2012-07-06T19:42:33.336+0000
21990232555617|755914248957|2012-01-30T15:56:23.068+0000
24189255811116|755914248957|2012-05-05T02:13:23.922+0000
28587302322256|755914248957|2012-07-13T17:15:50.739+0000
10995116277846|755914248958|2012-07-13T05:54:30.673+0000
15393162788865|755914248958|2012-03-25T22:36:55.551+0000
15393162788906|755914248958|2012-07-20T20:58:49.274+0000
19791209299968|755914248958|2012-08-11T21:24:35.495+0000
19791209300004|755914248958|2012-07-10T22:28:39.806+0000
19791209299968|824633725705|2012-08-29T00:08:47.451+0000
24189255811103|824633725708|2012-03-13T22:31:38.523+0000
19791209300004|824633725709|2012-04-06T22:37:05.749+0000
2199023255637|824633725735|2012-08-06T17:09:42.683+0000
4398046511145|824633725735|2012-03-27T21:48:08.738+0000
10995116277846|824633725735|2012-08-09T14:28:50.052+0000
15393162788906|824633725735|2012-02-14T10:59:52.239+0000
19791209299968|824633725735|2012-06-01T03:44:58.579+0000
21990232555524|824633725735|2012-04-11T15:58:54.709+0000
21990232555617|824633725735|2012-09-01T12:47:24.362+0000
24189255811086|824633725735|2012-01-30T13:26:10.861+0000
28587302322256|824633725735|2012-05-31T14:59:16.918+0000
21990232555617|824633725747|2012-08-31T22:23:17.514+0000
6597069766733|824633725781|2012-02-02T02:06:59.316+0000
10995116277788|824633725781|2012-02-01T05:14:36.802+0000
24189255811079|962072680219|2012-08-09T06:47:40.789+0000
10995116277820|962072680609|2012-06-06T13:58:13.970+0000
19791209300020|962072680609|2012-06-04T07:00:17.033+0000
10995116277788|962072680609|2012-06-04T18:39:38.095+0000
13194139533391|962072680609|2012-06-03T21:42:19.072+0000
4398046511180|962072680609|2012-07-16T00:15:34.781+0000
13194139533344|962072680609|2012-06-03T18:39:06.383+0000
19791209300058|962072680609|2012-06-04T19:53:24.365+0000
94|962072680609|2012-06-03T17:15:43.461+0000
32985348833329|962072680609|2012-08-21T02:50:47.432+0000
2199023255562|962072680609|2012-06-03T14:42:42.291+0000
15393162788922|962072680609|2012-06-04T22:54:11.623+0000
19791209299968|962072680609|2012-06-06T12:25:30.194+0000
24189255811079|962072680609|2012-08-09T01:24:41.176+0000
28587302322247|962072680609|2012-07-06T02:18:47.110+0000
19791209300004|962072680609|2012-06-03T13:10:59.927+0000
6597069766693|962072680609|2012-06-03T11:34:06.628+0000
4398046511185|962072680609|2012-08-21T10:24:38.478+0000
26388279066662|962072680609|2012-06-17T19:10:37.540+0000
21990232555524|962072680609|2012-07-04T12:53:20.488+0000
15393162788893|962072680609|2012-06-03T18:16:23.776+0000
8796093022297|962072680609|2012-06-05T00:01:36.741+0000
4398046511163|962072680609|2012-09-03T22:07:19.118+0000
2199023255637|962072680609|2012-06-03T17:39:21.134+0000
24189255811103|962072680609|2012-06-03T16:29:28.531+0000
17592186044425|962072680609|2012-07-08T21:48:09.259+0000
19791209300021|962072680609|2012-06-09T00:53:28.607+0000
17592186044504|962072680609|2012-06-06T21:28:18.661+0000
13194139533331|962072680609|2012-06-04T16:19:22.500+0000
21990232555617|962072680609|2012-06-03T19:28:02.989+0000
21990232555571|962072680609|2012-06-09T10:26:35.924+0000
24189255811116|962072680609|2012-06-04T03:15:54.134+0000
13194139533320|962072680609|2012-06-03T15:02:21.523+0000
10995116277788|755914250517|2012-02-04T02:46:07.844+0000
10995116277788|755914250523|2012-02-06T12:43:03.173+0000
6597069766733|755914250618|2012-08-31T20:40:45.117+0000
10995116277788|755914250618|2012-02-12T09:57:14.524+0000
19791209300020|755914250618|2012-01-16T02:32:59.057+0000
6597069766733|755914250627|2012-08-30T19:19:30.271+0000
10995116277788|755914250627|2012-02-13T18:56:57.418+0000
19791209300020|755914250627|2012-01-14T13:47:21.960+0000
10995116277788|755914250635|2012-02-12T13:32:43.059+0000
10995116277820|687194773920|2012-03-22T14:57:04.314+0000
6597069766733|618475297191|2012-07-07T06:23:15.028+0000
10995116277820|618475297191|2011-11-05T20:54:26.162+0000
6597069766733|618475297195|2012-07-08T11:16:57.840+0000
10995116277820|618475297195|2011-11-06T17:50:06.778+0000
6597069766733|618475297196|2012-07-08T14:06:29.077+0000
15393162788906|962072681058|2012-08-27T08:10:36.992+0000
17592186044425|962072681074|2012-05-26T14:57:47.497+0000
15393162788906|687194774151|2012-06-10T02:54:45.359+0000
21990232555524|893353204449|2012-08-25T16:05:03.899+0000
26388279066664|687194774260|2012-08-19T09:09:34.735+0000
26388279066664|687194774274|2012-08-19T04:49:24.589+0000
26388279066664|687194774277|2012-08-19T11:30:41.055+0000
21990232555524|893353204555|2012-05-28T00:30:27.429+0000
21990232555524|893353204556|2012-05-28T01:42:40.705+0000
32985348833314|893353204556|2012-09-06T10:06:14.787+0000
21990232555524|893353204558|2012-05-29T09:17:28.489+0000
32985348833314|893353204558|2012-09-04T04:22:05.975+0000
21990232555524|962072681312|2012-07-16T04:40:33.536+0000
21990232555524|962072681316|2012-07-15T04:55:15.902+0000
21990232555524|962072681324|2012-07-19T16:25:15.514+0000
6597069766678|962072681621|2012-09-06T20:49:29.517+0000
10995116277765|962072681636|2012-07-23T06:51:57.694+0000
6597069766678|481036344494|2011-11-10T18:18:42.600+0000
10995116277765|481036344503|2011-08-15T03:05:20.928+0000
17592186044504|481036344506|2012-08-08T03:24:47.558+0000
6597069766678|687194774761|2012-03-03T23:20:39.290+0000
10995116277765|687194774761|2012-06-14T03:11:27.652+0000
4398046511180|824633728245|2012-09-11T12:30:46.140+0000
17592186044425|824633728245|2012-05-04T23:08:54.706+0000
17592186044504|824633728245|2012-01-27T16:48:42.232+0000
21990232555586|824633728245|2012-05-26T11:29:15.197+0000
17592186044425|824633728249|2012-05-06T14:22:44.804+0000
17592186044504|824633728253|2012-01-29T18:08:22.651+0000
17592186044504|824633728254|2012-01-28T14:53:27.714+0000
4398046511180|824633728255|2012-09-12T04:12:46.965+0000
17592186044425|824633728255|2012-05-05T08:51:34.592+0000
17592186044504|824633728255|2012-01-29T23:08:51.444+0000
21990232555586|824633728255|2012-05-26T15:11:06.061+0000
4398046511180|824633728262|2012-09-13T04:33:29.782+0000
17592186044425|824633728262|2012-05-10T01:54:27.661+0000
17592186044504|824633728262|2012-01-28T20:51:14.788+0000
21990232555586|824633728262|2012-05-22T14:17:01.162+0000
10995116277765|549755821346|2011-05-23T06:54:14.852+0000
17592186044504|549755821346|2012-02-03T10:58:42.040+0000
4398046511180|755914251571|2012-07-03T14:46:33.392+0000
6597069766678|755914251571|2012-07-06T15:56:06.119+0000
10995116277765|755914251571|2012-07-02T16:27:38.206+0000
19791209300020|755914251571|2012-04-02T09:10:47.479+0000
19791209300020|1030792158562|2012-09-09T21:00:48.045+0000
6597069766678|755914251626|2012-03-05T18:29:10.096+0000
10995116277765|755914251626|2012-05-29T20:07:33.017+0000
17592186044425|755914251626|2012-04-21T06:59:58.155+0000
17592186044504|755914251626|2012-07-25T07:38:57.930+0000
19791209300020|755914251626|2012-06-02T09:46:39.361+0000
4398046511180|824633728393|2012-03-01T13:18:24.069+0000
6597069766678|824633728393|2012-03-01T07:03:56.717+0000
10995116277788|824633728393|2012-02-28T06:05:44.402+0000
15393162788893|824633728393|2012-03-01T07:51:41.351+0000
19791209299984|824633728393|2012-03-02T06:23:21.949+0000
19791209299986|824633728393|2012-03-03T13:17:40.581+0000
21990232555524|824633728393|2012-03-02T18:32:58.795+0000
30786325577752|824633728393|2012-06-08T19:03:28.953+0000
21990232555524|206158437861|2011-10-23T04:35:44.953+0000
6597069766733|687194775082|2011-11-20T10:04:59.750+0000
6597069766733|687194775087|2011-11-20T01:20:56.876+0000
6597069766733|824633728564|2012-05-08T18:43:07.695+0000
6597069766733|824633728570|2012-05-07T13:44:58.761+0000
6597069766733|824633728573|2012-05-08T20:56:35.068+0000
6597069766733|893353205325|2012-08-16T12:03:46.582+0000
6597069766733|687194775127|2012-05-13T20:47:48.177+0000
6597069766733|1030792158816|2012-08-15T07:17:49.822+0000
6597069766733|1030792158819|2012-08-15T20:08:56.362+0000
6597069766733|1030792158834|2012-08-20T06:12:33.748+0000
6597069766733|549755821709|2012-06-08T14:47:50.347+0000
6597069766733|549755821714|2012-06-07T08:10:47.554+0000
6597069766733|618475298493|2012-03-30T22:06:54.648+0000
6597069766733|618475298494|2012-03-26T10:24:01.138+0000
6597069766733|824633728709|2012-02-21T05:00:24.292+0000
6597069766733|962072682196|2012-08-14T09:35:46.985+0000
6597069766733|962072682197|2012-08-15T03:18:52.333+0000
10995116277788|893353205577|2012-06-13T05:42:29.619+0000
10995116277788|962072682331|2012-08-29T01:43:23.644+0000
19791209300020|1030792159084|2012-08-13T18:55:15.208+0000
19791209300020|1030792159087|2012-08-15T05:52:09.569+0000
10995116277788|824633728887|2012-04-10T07:08:46.756+0000
10995116277788|824633728895|2012-04-07T00:10:19.679+0000
19791209300020|824633728895|2012-08-15T05:36:26.251+0000
13194139533332|824633728904|2012-09-11T03:37:19.857+0000
15393162788906|824633728904|2012-06-08T12:05:26.340+0000
19791209300020|824633728904|2012-01-19T09:11:25.833+0000
19791209300020|824633728972|2012-09-09T11:00:38.431+0000
15393162788906|687194775536|2012-08-09T03:53:06.849+0000
15393162788906|687194775543|2012-08-08T16:08:33.852+0000
15393162788906|824633729086|2012-04-22T05:28:06.030+0000
15393162788906|824633729087|2012-04-26T22:47:41.123+0000
15393162788906|824633729093|2012-04-24T12:31:49.809+0000
15393162788906|824633729126|2012-04-25T05:30:42.092+0000
15393162788906|1030792159404|2012-09-07T11:17:08.495+0000
15393162788906|1030792159407|2012-09-07T17:30:07.466+0000
15393162788906|549755822281|2012-03-07T08:17:31.513+0000
15393162788906|549755822283|2012-03-09T11:17:33.442+0000
15393162788906|549755822284|2012-03-07T05:19:24.725+0000
15393162788906|755914252514|2012-01-14T16:24:11.770+0000
21990232555611|549755822412|2012-07-17T22:27:32.510+0000
4398046511145|755914252652|2012-08-12T04:21:57.034+0000
21990232555586|755914252652|2012-05-02T21:27:40.906+0000
21990232555586|962072682867|2012-07-28T13:52:23.414+0000
4398046511145|618475299199|2012-01-11T07:09:46.242+0000
21990232555524|618475299199|2012-06-26T12:20:01.751+0000
4398046511145|618475299207|2012-01-13T19:35:10.297+0000
4398046511145|618475299211|2012-01-09T22:14:48.453+0000
4398046511145|618475299215|2012-01-11T08:44:39.698+0000
4398046511163|549755822512|2011-08-10T10:54:29.406+0000
19791209300004|687194775995|2012-02-10T19:54:15.731+0000
19791209300004|687194776000|2012-02-11T19:37:40.814+0000
4398046511185|481036345879|2011-04-15T15:05:21.541+0000
4398046511145|893353206599|2012-06-16T15:26:10.415+0000
4398046511145|893353206602|2012-06-17T00:30:06.268+0000
15393162788906|962072683374|2012-06-17T20:50:49.321+0000
15393162788906|962072683375|2012-06-16T02:36:09.201+0000
4398046511145|755914253175|2012-07-04T20:28:07.114+0000
4398046511145|1030792160135|2012-07-29T08:08:24.552+0000
4398046511145|1030792160137|2012-07-27T19:00:33.776+0000
21990232555524|1030792160235|2012-08-12T06:00:37.766+0000
4398046511163|412316869701|2012-05-05T02:49:53.652+0000
4398046511163|274877916261|2011-05-08T15:42:22.502+0000
21990232555611|343597393012|2012-09-06T19:12:13.607+0000
21990232555586|687194776713|2012-05-24T16:35:41.246+0000
4398046511163|206158439572|2011-03-05T04:57:50.749+0000
6597069766733|206158439572|2012-05-26T18:51:49.832+0000
17592186044459|206158439572|2011-08-13T03:18:15.255+0000
21990232555524|206158439572|2012-08-15T18:42:30.571+0000
21990232555586|206158439572|2012-08-12T22:30:19.664+0000
21990232555611|206158439572|2012-07-11T11:38:05.568+0000
24189255811079|206158439572|2012-02-04T07:04:38.569+0000
21990232555611|206158439575|2012-07-15T17:03:48.308+0000
4398046511163|206158439577|2011-04-25T14:35:16.161+0000
17592186044425|206158439577|2012-08-02T23:36:55.528+0000
21990232555524|206158439577|2012-04-25T16:45:28.734+0000
21990232555611|206158439577|2012-04-15T06:00:12.044+0000
4398046511163|206158439593|2011-06-06T08:36:07.182+0000
4398046511163|412316869828|2011-10-14T00:03:48.317+0000
6597069766733|412316869828|2011-03-01T18:07:59.012+0000
21990232555524|412316869828|2012-08-20T07:27:09.910+0000
21990232555586|412316869828|2012-04-26T12:34:18.497+0000
21990232555611|412316869828|2012-02-16T03:47:07.640+0000
24189255811079|412316869828|2012-03-11T10:02:43.172+0000
21990232555524|412316869829|2012-08-19T13:50:41.317+0000
4398046511163|412316869830|2011-10-15T08:59:51.125+0000
17592186044459|274877916379|2012-08-20T19:09:14.318+0000
21990232555524|206158439647|2012-05-12T10:05:31.648+0000
6597069766733|206158439653|2012-07-14T15:16:07.143+0000
24189255811079|412316869873|2012-05-12T18:31:20.654+0000
4398046511163|412316869877|2011-06-12T12:07:04.891+0000
6597069766733|412316869877|2011-08-29T11:45:07.930+0000
21990232555586|412316869877|2012-09-11T00:21:36.154+0000
21990232555611|412316869877|2012-08-11T04:14:43.696+0000
24189255811079|412316869877|2012-05-11T17:48:55.722+0000
4398046511163|412316869878|2011-06-13T10:16:49.206+0000
6597069766733|412316869878|2011-08-29T03:40:47.206+0000
4398046511163|549755823380|2012-04-16T10:35:33.452+0000
4398046511163|549755823382|2012-04-16T06:22:38.007+0000
6597069766733|549755823382|2012-06-29T13:44:22.680+0000
17592186044425|549755823382|2011-07-21T05:16:33.064+0000
17592186044459|549755823382|2011-09-24T18:57:47.019+0000
21990232555524|549755823382|2012-01-15T20:46:57.576+0000
6597069766733|549755823386|2012-06-27T18:22:38.678+0000
24189255811079|137438962982|2012-05-14T19:56:32.930+0000
21990232555524|687194776877|2012-04-07T07:45:01.776+0000
15393162788906|481036346772|2012-03-29T08:19:18.048+0000
21990232555524|481036346772|2012-07-31T07:30:48.510+0000
30786325577752|481036346772|2012-06-23T05:30:33.981+0000
15393162788906|481036346783|2012-03-25T05:25:31.170+0000
21990232555524|481036346783|2012-07-31T15:24:15.426+0000
30786325577752|481036346783|2012-06-23T04:12:06.621+0000
15393162788906|412316870055|2012-07-25T23:39:01.859+0000
13194139533344|1030792160709|2012-07-21T14:00:30.846+0000
10995116277846|618475300300|2011-12-27T04:45:03.232+0000
6597069766720|549755823582|2012-09-01T04:07:44.514+0000
21990232555524|549755823585|2012-08-10T02:57:19.707+0000
13194139533344|962072684012|2012-06-14T12:19:17.671+0000
30786325577752|962072684012|2012-08-21T05:32:22.963+0000
6597069766720|274877916675|2010-11-07T16:18:10.587+0000
15393162788906|687194777107|2012-06-28T00:10:52.562+0000
13194139533344|687194777108|2012-02-01T20:41:16.199+0000
15393162788906|687194777108|2012-06-29T13:18:01.797+0000
21990232555524|687194777108|2012-03-08T04:25:58.818+0000
21990232555524|824633730594|2012-04-23T20:20:14.147+0000
6597069766720|824633730596|2012-04-22T11:35:39.974+0000
6597069766733|824633730596|2012-07-19T19:52:54.473+0000
13194139533344|824633730596|2012-04-01T22:10:40.146+0000
15393162788906|824633730596|2012-05-09T00:26:52.082+0000
21990232555524|824633730596|2012-04-23T15:34:32.803+0000
6597069766720|962072684094|2012-06-06T23:45:43.730+0000
13194139533344|962072684094|2012-09-08T13:59:04.211+0000
15393162788906|962072684094|2012-06-29T16:49:30.384+0000
30786325577752|962072684094|2012-07-01T05:16:23.551+0000
21990232555524|343597393484|2012-03-22T12:43:25.548+0000
6597069766720|343597393485|2012-06-18T03:47:06.857+0000
13194139533344|343597393485|2011-08-21T02:31:48.660+0000
15393162788906|343597393485|2012-07-25T10:48:49.692+0000
21990232555524|343597393485|2012-03-24T20:27:23.708+0000
21990232555524|343597393486|2012-03-27T05:42:11.128+0000
15393162788906|343597393489|2012-07-25T11:07:25.266+0000
6597069766720|962072684156|2012-09-03T03:41:40.815+0000
6597069766733|962072684156|2012-07-31T19:23:43.099+0000
10995116277846|962072684156|2012-09-10T10:46:21.924+0000
13194139533344|962072684156|2012-06-14T14:45:53.245+0000
32985348833314|962072684156|2012-09-01T22:11:21.517+0000
10995116277846|618475300497|2012-01-17T19:16:13.247+0000
13194139533344|618475300497|2012-03-18T07:59:24.253+0000
30786325577752|618475300497|2012-07-24T21:31:48.650+0000
6597069766733|206158440090|2011-07-22T08:00:48.069+0000
6597069766733|687194777296|2011-10-27T03:35:52.450+0000
10995116277765|687194777296|2011-10-16T01:05:45.126+0000
10995116277788|687194777296|2011-10-16T14:25:43.519+0000
10995116277820|687194777296|2011-10-18T17:15:38.001+0000
13194139533332|687194777296|2011-10-17T22:25:37.532+0000
15393162788865|687194777296|2011-10-15T17:58:47.559+0000
15393162788866|687194777296|2011-10-25T07:47:16.075+0000
15393162788906|687194777296|2011-10-26T13:07:27.533+0000
17592186044425|687194777296|2011-10-21T09:54:25.097+0000
17592186044459|687194777296|2011-10-22T22:06:43.485+0000
17592186044461|687194777296|2011-10-21T23:07:34.015+0000
19791209299986|687194777296|2011-10-15T19:55:01.053+0000
10995116277820|687194777362|2011-10-16T21:13:29.780+0000
6597069766733|1030792161514|2012-09-09T17:33:38.124+0000
21990232555524|1030792161514|2012-09-10T10:00:32.047+0000
10995116277846|274877917525|2011-12-08T08:35:29.458+0000
4398046511177|687194777955|2012-07-27T20:41:47.219+0000
4398046511185|687194777955|2012-05-25T13:46:12.729+0000
6597069766678|687194777955|2012-07-30T03:10:29.017+0000
10995116277846|687194777955|2012-07-04T17:24:03.205+0000
24189255811164|687194777955|2012-04-19T22:50:23.050+0000
4398046511177|343597394297|2012-08-25T10:12:08.576+0000
6597069766678|343597394300|2012-05-22T05:42:21.853+0000
30786325577752|893353208217|2012-09-01T08:20:10.265+0000
4398046511185|274877917637|2010-12-13T22:29:17.772+0000
4398046511185|481036347886|2012-05-25T03:16:20.947+0000
13194139533344|481036347886|2011-12-18T15:16:23.252+0000
13194139533344|481036347887|2011-12-18T23:04:06.606+0000
4398046511177|481036347891|2011-05-27T21:13:43.037+0000
4398046511185|481036347891|2012-05-22T19:23:07.442+0000
13194139533344|481036347891|2011-12-18T14:57:24.171+0000
30786325577752|481036347891|2012-06-17T10:20:40.425+0000
4398046511185|481036347895|2012-05-25T02:37:48.087+0000
4398046511177|343597394443|2011-12-30T16:53:39.191+0000
4398046511185|343597394443|2011-11-11T23:43:46.738+0000
6597069766678|343597394443|2012-01-09T03:44:22.923+0000
13194139533344|343597394443|2012-05-04T18:38:16.063+0000
30786325577752|343597394443|2012-07-18T06:39:03.818+0000
32985348833314|343597394443|2012-09-07T01:59:15.543+0000
4398046511185|206158440975|2010-12-09T03:16:17.005+0000
4398046511177|687194778151|2011-12-05T07:01:27.543+0000
6597069766678|687194778151|2012-06-20T11:18:23.591+0000
10995116277846|687194778151|2012-06-02T05:45:19.983+0000
24189255811164|687194778151|2012-06-06T05:36:40.684+0000
26388279066717|687194778151|2012-08-25T03:05:06.865+0000
13194139533344|893353208380|2012-06-30T10:49:56.376+0000
24189255811164|893353208380|2012-06-19T09:17:49.288+0000
24189255811164|687194778193|2012-01-05T09:27:58.413+0000
30786325577752|687194778199|2012-08-07T21:07:52.055+0000
4398046511185|755914254953|2012-03-06T04:18:06.020+0000
10995116277846|549755824750|2012-06-29T19:50:50.122+0000
24189255811164|549755824750|2012-05-22T06:16:01.045+0000
30786325577752|549755824750|2012-06-15T11:27:51.021+0000
10995116277846|481036348033|2012-08-11T00:19:50.035+0000
13194139533344|481036348033|2012-04-18T13:43:03.454+0000
24189255811164|481036348033|2012-01-19T16:48:40.686+0000
30786325577752|481036348033|2012-07-29T15:39:33.763+0000
10995116277846|481036348036|2012-08-13T21:55:58.809+0000
13194139533344|481036348036|2012-04-15T21:42:11.496+0000
24189255811164|481036348036|2012-01-18T05:27:16.367+0000
30786325577752|481036348036|2012-07-25T01:05:21.743+0000
10995116277846|481036348040|2012-08-10T06:55:36.106+0000
4398046511185|1030792161949|2012-09-02T01:17:49.982+0000
15393162788893|687194778341|2012-07-25T02:52:54.971+0000
24189255811086|687194778341|2012-02-24T17:01:09.059+0000
26388279066664|687194778341|2012-02-11T00:15:00.234+0000
6597069766719|687194778402|2012-06-09T14:46:29.047+0000
24189255811086|343597394755|2012-08-01T10:13:15.081+0000
19791209300020|687194778439|2012-06-09T08:36:21.264+0000
24189255811086|962072685388|2012-07-25T22:27:32.708+0000
15393162788906|687194778490|2012-06-13T12:53:26.591+0000
24189255811086|687194778490|2012-01-24T05:32:33.620+0000
26388279066664|687194778490|2012-04-09T11:43:55.154+0000
15393162788906|687194778497|2012-06-13T06:35:53.832+0000
24189255811086|687194778497|2012-01-24T18:12:29.549+0000
26388279066664|687194778497|2012-04-09T14:21:29.769+0000
6597069766719|755914255313|2012-08-21T05:02:55.437+0000
15393162788906|755914255313|2012-01-18T23:39:38.611+0000
19791209300020|755914255313|2012-06-05T06:30:51.576+0000
26388279066664|755914255313|2012-03-30T14:57:33.590+0000
10995116277765|618475301877|2012-09-10T14:32:08.132+0000
10995116277765|618475301880|2012-09-12T05:54:16.157+0000
15393162788893|618475301880|2012-05-24T21:02:29.663+0000
10995116277765|618475301882|2012-09-09T19:26:48.991+0000
10995116277765|11260|2012-02-08T06:11:38.691+0000
15393162788893|481036348422|2012-03-30T05:11:23.073+0000
10995116277765|206158441486|2011-12-08T00:20:37.362+0000
15393162788893|206158441486|2012-04-20T16:40:32.388+0000
10995116277765|206158441491|2011-12-11T19:11:13.838+0000
10995116277765|206158441493|2011-12-11T11:40:36.067+0000
10995116277765|206158441500|2011-12-07T23:48:23.014+0000
10995116277765|206158441506|2012-06-23T12:45:07.280+0000
10995116277765|206158441509|2012-06-22T16:50:11.964+0000
15393162788893|893353208887|2012-05-13T22:37:18.957+0000
10995116277765|343597395024|2011-09-25T19:20:05.236+0000
15393162788893|343597395024|2012-03-22T12:04:57.894+0000
10995116277765|343597395025|2011-09-28T11:38:47.126+0000
15393162788893|343597395025|2012-03-25T07:43:40.553+0000
15393162788893|137438964858|2011-04-14T04:36:50.423+0000
10995116277765|962072685691|2012-09-07T22:21:47.622+0000
15393162788893|962072685691|2012-05-16T01:29:01.612+0000
15393162788893|68719488148|2012-04-25T16:24:55.692+0000
15393162788893|68719488153|2012-04-23T16:39:12.546+0000
15393162788893|68719488158|2012-04-26T17:56:20.119+0000
10995116277765|412316871883|2011-09-06T08:44:51.337+0000
10995116277765|412316871890|2011-09-05T04:02:41.239+0000
10995116277765|962072685800|2012-05-22T15:16:25.665+0000
15393162788893|824633732356|2012-08-31T02:54:30.383+0000
10995116277765|618475302158|2012-06-14T06:11:08.081+0000
15393162788893|618475302158|2012-09-09T20:59:24.940+0000
10995116277765|618475302160|2012-06-14T10:16:01.096+0000
15393162788893|618475302160|2012-09-05T02:23:33.565+0000
10995116277765|962072685854|2012-09-11T12:05:29.346+0000
10995116277765|962072685863|2012-09-10T19:20:58.300+0000
4398046511185|962072685932|2012-08-30T14:23:51.223+0000
4398046511185|481036348802|2011-07-01T18:43:15.007+0000
4398046511185|549755825553|2011-06-27T17:21:24.306+0000
17592186044425|549755825553|2012-02-20T14:02:18.171+0000
4398046511185|549755825556|2011-06-24T04:31:24.899+0000
17592186044425|549755825556|2012-02-20T13:31:48.789+0000
6597069766720|893353209302|2012-06-12T00:02:38.673+0000
6597069766720|893353209303|2012-06-12T15:50:26.533+0000
6597069766720|893353209305|2012-06-12T10:59:33.752+0000
17592186044425|755914255840|2012-03-25T01:33:26.364+0000
17592186044425|893353209316|2012-08-28T12:21:59.960+0000
17592186044425|893353209318|2012-08-27T21:44:21.183+0000
4398046511185|618475302389|2012-07-19T23:59:26.536+0000
4398046511185|618475302391|2012-07-19T19:14:59.270+0000
4398046511185|618475302397|2012-07-20T22:18:58.093+0000
6597069766720|755914255879|2012-08-05T19:34:40.645+0000
6597069766720|755914255889|2012-08-02T09:56:45.728+0000
17592186044425|687194779157|2012-08-27T16:38:53.028+0000
17592186044425|687194779169|2012-08-29T04:28:28.913+0000
17592186044425|824633732668|2012-03-05T22:42:45.998+0000
4398046511185|962072686147|2012-08-18T14:07:45.340+0000
6597069766720|962072686152|2012-07-24T12:29:50.297+0000
6597069766720|962072686166|2012-07-24T04:26:45.015+0000
6597069766733|962072686185|2012-06-24T18:28:29.069+0000
19791209299984|412316872422|2011-08-14T09:14:14.479+0000
19791209299986|412316872422|2011-09-20T19:23:12.027+0000
6597069766733|687194779387|2011-12-26T20:37:05.701+0000
8796093022290|687194779387|2012-07-23T20:22:24.973+0000
10995116277820|687194779387|2012-07-05T07:12:11.218+0000
19791209299984|687194779387|2012-06-19T12:46:27.132+0000
19791209299986|687194779387|2011-11-15T09:06:19.244+0000
19791209300020|687194779387|2012-07-30T04:01:15.852+0000
21990232555524|687194779387|2011-11-18T11:05:18.873+0000
8796093022290|549755825992|2012-03-25T19:06:43.841+0000
6597069766733|549755825996|2012-01-05T17:54:47.217+0000
8796093022290|549755825996|2012-03-25T11:44:23.155+0000
19791209299984|549755825996|2012-04-07T20:12:40.112+0000
21990232555524|549755825996|2012-08-04T08:44:33.611+0000
24189255811099|549755825996|2012-07-02T22:00:33.427+0000
6597069766733|549755826004|2012-01-07T15:17:24.997+0000
8796093022290|549755826004|2012-03-26T05:01:09.341+0000
19791209299984|549755826004|2012-04-08T08:33:48.079+0000
21990232555524|549755826004|2012-08-04T22:55:27.174+0000
24189255811099|549755826004|2012-06-27T04:03:13.630+0000
19791209299984|893353209712|2012-09-11T05:47:01.726+0000
19791209299986|893353209717|2012-06-01T04:59:17.153+0000
19791209299984|893353209718|2012-09-12T18:16:49.660+0000
19791209299986|893353209718|2012-06-01T02:28:36.896+0000
19791209300020|893353209718|2012-06-26T20:35:58.007+0000
21990232555524|893353209720|2012-06-27T07:43:06.273+0000
10995116277820|755914256263|2012-01-17T19:51:11.370+0000
10995116277820|755914256275|2012-01-16T05:07:22.636+0000
19791209300020|755914256275|2012-03-01T22:49:51.134+0000
24189255811099|755914256275|2012-02-18T07:20:17.868+0000
6597069766733|549755826073|2011-06-24T11:38:24.320+0000
8796093022290|549755826073|2011-11-11T22:22:46.734+0000
10995116277820|549755826073|2012-05-10T10:19:20.447+0000
19791209299984|549755826073|2012-02-29T16:14:10.558+0000
21990232555524|549755826073|2011-12-29T20:29:41.416+0000
24189255811099|549755826073|2012-01-28T22:24:32.936+0000
32985348833314|1030792163282|2012-09-09T19:25:05.737+0000
32985348833314|1030792163283|2012-09-10T22:19:12.838+0000
32985348833314|1030792163295|2012-09-11T01:27:55.407+0000
