Person.id|language
26388279066636|es
26388279066636|en
17592186044504|zh
17592186044504|en
19791209300058|vi
19791209300058|en
6597069766695|ru
6597069766695|en
13194139533332|ar
13194139533332|wo
13194139533332|en
30786325577812|uk
30786325577812|hu
30786325577812|en
65|fr
65|mg
65|en
8796093022290|ru
8796093022290|en
4398046511154|zh
4398046511154|en
15393162788865|en
15393162788865|fr
24189255811103|de
24189255811103|en
26388279066717|es
26388279066717|en
6597069766725|ja
6597069766725|en
10995116277820|de
10995116277820|en
24189255811086|fa
24189255811086|ku
24189255811086|en
32985348833314|es
32985348833314|en
2199023255637|zh
2199023255637|en
4398046511152|nl
4398046511152|en
19791209299993|it
19791209299993|de
19791209299993|en
2199023255558|zh
2199023255558|en
21990232555586|bn
21990232555586|mr
21990232555586|en
24189255811155|ru
24189255811155|en
24189255811164|fr
24189255811164|en
17592186044494|hu
17592186044494|en
6597069766693|zh
6597069766693|en
15393162788922|en
15393162788922|ml
24189255811099|pl
24189255811099|en
28587302322250|ur
28587302322250|te
28587302322250|en
28587302322247|fr
28587302322247|en
6597069766659|ru
6597069766659|en
10995116277765|my
10995116277765|en
21990232555611|te
21990232555611|as
21990232555611|en
30786325577752|zh
30786325577752|en
6597069766733|de
6597069766733|en
8796093022297|kn
8796093022297|en
13194139533391|pt
13194139533391|en
6597069766678|ja
6597069766678|en
94|ta
94|hi
94|en
17592186044425|az
17592186044425|ru
17592186044425|en
19791209299984|pl
19791209299984|en
32985348833313|ar
32985348833313|fr
32985348833313|en
19791209300004|ml
19791209300004|bn
19791209300004|en
15393162788906|ar
15393162788906|fr
15393162788906|en
17592186044461|fr
17592186044461|ha
17592186044461|en
19791209300021|en
30786325577774|es
30786325577774|en
15393162788893|zh
15393162788893|en
21990232555617|ta
21990232555617|mr
21990232555617|en
26388279066664|pt
26388279066664|en
19791209300020|ja
19791209300020|en
4398046511163|hi
4398046511163|kn
4398046511163|en
13194139533320|tk
13194139533320|en
13194139533366|mr
13194139533366|as
13194139533366|en
32985348833315|ur
32985348833315|en
4398046511117|tr
4398046511117|en
19791209299986|en
19791209299986|af
35184372088899|en
28587302322256|ur
28587302322256|en
13194139533331|en
13194139533331|to
17592186044459|ml
17592186044459|mr
17592186044459|en
21990232555531|zh
21990232555531|en
13194139533344|es
13194139533344|en
19791209299968|te
19791209299968|ur
19791209299968|en
6597069766711|es
6597069766711|en
24189255811079|zh
24189255811079|en
21990232555571|ru
21990232555571|kk
21990232555571|en
4398046511145|gu
4398046511145|mr
4398046511145|en
15393162788911|ta
15393162788911|si
15393162788911|en
4398046511185|es
4398046511185|en
21990232555524|en
21990232555524|cy
2199023255562|de
2199023255562|en
32985348833329|mr
32985348833329|ta
32985348833329|en
17592186044439|en
24189255811171|zh
24189255811171|en
30786325577784|sk
30786325577784|en
6597069766720|es
6597069766720|en
4398046511180|en
96|zh
96|en
4398046511177|zh
4398046511177|en
32985348833378|gu
32985348833378|or
32985348833378|en
15393162788866|jv
15393162788866|en
10995116277846|es
10995116277846|en
24189255811116|ru
24189255811116|en
26388279066654|sv
26388279066654|fi
26388279066654|en
24189255811140|en
24189255811140|ur
6597069766719|de
6597069766719|en
10995116277788|sv
10995116277788|en
26388279066662|es
26388279066662|en
