Person.id|email
26388279066636|Jose26388279066636@gmail.com
26388279066636|Jose26388279066636@gmx.com
17592186044504|Chong17592186044504@gmail.com
17592186044504|Chong17592186044504@gmx.com
17592186044504|Chong17592186044504@yahoo.com
17592186044504|Chong17592186044504@zoho.com
19791209300058|Cam19791209300058@gmail.com
19791209300058|Cam19791209300058@hotmail.com
19791209300058|Cam19791209300058@zoho.com
6597069766695|Alexei6597069766695@gmail.com
6597069766695|Alexei6597069766695@zoho.com
13194139533332|Yahya.Ould.Ahmed.El13194139533332@gmail.com
13194139533332|Yahya.Ould.Ahmed.El13194139533332@hotmail.com
13194139533332|Yahya.Ould.Ahmed.El13194139533332@zoho.com
30786325577812|Anatoly30786325577812@gmail.com
30786325577812|Anatoly30786325577812@gmx.com
65|Marc65@gmail.com
65|Marc65@gmx.com
65|Marc65@yahoo.com
8796093022290|Alexei8796093022290@gmail.com
8796093022290|Alexei8796093022290@yahoo.com
4398046511154|Alec4398046511154@gmail.com
4398046511154|Alec4398046511154@yahoo.com
15393162788865|Evangelos15393162788865@gmx.com
24189255811103|Otto24189255811103@gmail.com
24189255811103|Otto24189255811103@gmx.com
26388279066717|Pablo26388279066717@gmail.com
6597069766725|Masahiro6597069766725@hotmail.com
6597069766725|Masahiro6597069766725@yahoo.com
10995116277820|Paul10995116277820@gmail.com
24189255811086|Hossein24189255811086@gmail.com
24189255811086|Hossein24189255811086@gmx.com
24189255811086|Hossein24189255811086@yahoo.com
24189255811086|Hossein24189255811086@zoho.com
32985348833314|Roberto32985348833314@gmail.com
32985348833314|Roberto32985348833314@hotmail.com
32985348833314|Roberto32985348833314@yahoo.com
2199023255637|Hao2199023255637@gmail.com
2199023255637|Hao2199023255637@gmx.com
2199023255637|Hao2199023255637@hotmail.com
4398046511152|Adje.van.den.Berg4398046511152@gmail.com
4398046511152|Adje.van.den.Berg4398046511152@gmx.com
4398046511152|Adje.van.den.Berg4398046511152@hotmail.com
4398046511152|Adje.van.den.Berg4398046511152@yahoo.com
19791209299993|Luigi19791209299993@gmail.com
19791209299993|Luigi19791209299993@gmx.com
19791209299993|Luigi19791209299993@zoho.com
2199023255558|Baby2199023255558@gmail.com
2199023255558|Baby2199023255558@gmx.com
2199023255558|Baby2199023255558@yahoo.com
21990232555586|Deepak21990232555586@gmail.com
21990232555586|Deepak21990232555586@gmx.com
21990232555586|Deepak21990232555586@yahoo.com
24189255811155|Aleksandr24189255811155@gmx.com
24189255811155|Aleksandr24189255811155@yahoo.com
24189255811164|Abdoulaye.Khouma24189255811164@gmail.com
24189255811164|Abdoulaye.Khouma24189255811164@zoho.com
17592186044494|Tamas17592186044494@gmail.com
6597069766693|Wei6597069766693@gmail.com
6597069766693|Wei6597069766693@yahoo.com
15393162788922|Amy15393162788922@zoho.com
24189255811099|Wojciech24189255811099@gmail.com
24189255811099|Wojciech24189255811099@hotmail.com
24189255811099|Wojciech24189255811099@yahoo.com
28587302322250|Arjun28587302322250@gmail.com
28587302322250|Arjun28587302322250@gmx.com
28587302322250|Arjun28587302322250@yahoo.com
28587302322247|Albaye.Papa28587302322247@gmail.com
28587302322247|Albaye.Papa28587302322247@gmx.com
6597069766659|Aleksandr6597069766659@gmail.com
6597069766659|Aleksandr6597069766659@hotmail.com
10995116277765|Eric10995116277765@gmail.com
10995116277765|Eric10995116277765@gmx.com
10995116277765|Eric10995116277765@yahoo.com
21990232555611|Gayatri21990232555611@gmx.com
21990232555611|Gayatri21990232555611@hotmail.com
21990232555611|Gayatri21990232555611@yahoo.com
30786325577752|Jie30786325577752@gmail.com
30786325577752|Jie30786325577752@hotmail.ru
30786325577752|Jie30786325577752@pookmail.com
6597069766733|Karl6597069766733@gmail.com
6597069766733|Karl6597069766733@gmx.com
6597069766733|Karl6597069766733@hotmail.com
6597069766733|Karl6597069766733@yahoo.com
8796093022297|Joseph8796093022297@gmail.com
13194139533391|Jose13194139533391@gmail.com
13194139533391|Jose13194139533391@gmx.com
6597069766678|Ken6597069766678@gmail.com
6597069766678|Ken6597069766678@yahoo.com
94|K.94@gmail.com
17592186044425|Alim17592186044425@gmail.com
17592186044425|Alim17592186044425@gmx.com
19791209299984|Jan19791209299984@giza.cc
19791209299984|Jan19791209299984@gmail.com
19791209299984|Jan19791209299984@yahoo.com
32985348833313|Ali32985348833313@gmail.com
32985348833313|Ali32985348833313@gmx.com
19791209300004|John19791209300004@gmail.com
15393162788906|Ali15393162788906@gmail.com
15393162788906|Ali15393162788906@gmx.com
15393162788906|Ali15393162788906@yahoo.com
17592186044461|Ali17592186044461@zoho.com
19791209300021|Babar19791209300021@gmx.com
30786325577774|Alejandro30786325577774@gmail.com
30786325577774|Alejandro30786325577774@gmx.com
15393162788893|Lei15393162788893@gmail.com
15393162788893|Lei15393162788893@yahoo.com
21990232555617|Naresh21990232555617@mail15.com
21990232555617|Naresh21990232555617@poop.com
26388279066664|Celso26388279066664@gmx.com
19791209300020|Akira19791209300020@gmail.com
19791209300020|Akira19791209300020@gmx.com
19791209300020|Akira19791209300020@zoho.com
4398046511163|Rahul4398046511163@gmail.com
4398046511163|Rahul4398046511163@gmx.com
4398046511163|Rahul4398046511163@yahoo.com
13194139533320|Djelaludin13194139533320@gmail.com
13194139533320|Djelaludin13194139533320@hotmail.com
13194139533320|Djelaludin13194139533320@yahoo.com
13194139533366|R.13194139533366@gmx.com
13194139533366|R.13194139533366@yahoo.com
32985348833315|Ayesha32985348833315@gmail.com
32985348833315|Ayesha32985348833315@gmx.com
32985348833315|Ayesha32985348833315@zoho.com
4398046511117|Mehmet4398046511117@yahoo.com
19791209299986|Neil19791209299986@gmail.com
19791209299986|Neil19791209299986@gmx.com
35184372088899|Francisco35184372088899@gmail.com
35184372088899|Francisco35184372088899@gmx.com
35184372088899|Francisco35184372088899@yahoo.com
28587302322256|Abdul.Jamil28587302322256@gmail.com
28587302322256|Abdul.Jamil28587302322256@gmx.com
28587302322256|Abdul.Jamil28587302322256@hotmail.com
28587302322256|Abdul.Jamil28587302322256@zoho.com
13194139533331|Jimmy13194139533331@gmail.com
17592186044459|Rahul17592186044459@gmail.com
21990232555531|Cheng21990232555531@gmail.com
21990232555531|Cheng21990232555531@gmx.com
21990232555531|Cheng21990232555531@hotmail.com
13194139533344|Miguel13194139533344@chemist.com
13194139533344|Miguel13194139533344@gmail.com
13194139533344|Miguel13194139533344@hotmail.com
13194139533344|Miguel13194139533344@yahoo.com
19791209299968|John19791209299968@gmail.com
6597069766711|Luis6597069766711@gmail.com
6597069766711|Luis6597069766711@gmx.com
24189255811079|Jun24189255811079@gmail.com
24189255811079|Jun24189255811079@yahoo.com
21990232555571|Oleg21990232555571@gmail.com
4398046511145|John4398046511145@gmail.com
4398046511145|John4398046511145@jizan.cc
4398046511145|John4398046511145@yahoo.com
4398046511145|John4398046511145@zoho.com
15393162788911|Tissa15393162788911@gmx.com
15393162788911|Tissa15393162788911@yahoo.com
4398046511185|Adrian4398046511185@gmail.com
4398046511185|Adrian4398046511185@gmx.com
4398046511185|Adrian4398046511185@yahoo.com
4398046511185|Adrian4398046511185@zoho.com
21990232555524|Bryn21990232555524@gmail.com
21990232555524|Bryn21990232555524@gmx.com
21990232555524|Bryn21990232555524@yahoo.com
21990232555524|Bryn21990232555524@zoho.com
2199023255562|Wolfgang2199023255562@gmail.com
2199023255562|Wolfgang2199023255562@zoho.com
32985348833329|Ashok32985348833329@gmail.com
32985348833329|Ashok32985348833329@gmx.com
32985348833329|Ashok32985348833329@planetsmeg.com
32985348833329|Ashok32985348833329@yahoo.com
17592186044439|John17592186044439@gmail.com
17592186044439|John17592186044439@gmx.com
17592186044439|John17592186044439@yahoo.com
24189255811171|Chen24189255811171@hotmail.com
30786325577784|Otto30786325577784@gmail.com
6597069766720|Jorge6597069766720@gmail.com
6597069766720|Jorge6597069766720@gmx.com
6597069766720|Jorge6597069766720@yahoo.com
4398046511180|Jae-Jin4398046511180@gmail.com
4398046511180|Jae-Jin4398046511180@oujda.cc
96|Anson96@gmail.com
96|Anson96@hotmail.com
4398046511177|Cheng4398046511177@gmail.com
4398046511177|Cheng4398046511177@gmx.com
32985348833378|A.32985348833378@gmail.com
32985348833378|A.32985348833378@gmx.com
32985348833378|A.32985348833378@hotmail.com
32985348833378|A.32985348833378@salmiya.biz
15393162788866|Abdul.Haris15393162788866@gmail.com
10995116277846|Alejandro10995116277846@gmx.com
10995116277846|Alejandro10995116277846@ramallah.cc
10995116277846|Alejandro10995116277846@yahoo.com
24189255811116|Alexei24189255811116@gmail.com
24189255811116|Alexei24189255811116@yahoo.com
26388279066654|Joakim26388279066654@gmx.com
26388279066654|Joakim26388279066654@hotmail.com
26388279066654|Joakim26388279066654@yahoo.com
24189255811140|Mirza.Kalich24189255811140@gmail.com
24189255811140|Mirza.Kalich24189255811140@gmx.com
24189255811140|Mirza.Kalich24189255811140@hotmail.com
6597069766719|Fritz6597069766719@gmail.com
10995116277788|Hans10995116277788@gmail.com
10995116277788|Hans10995116277788@yahoo.com
26388279066662|Alfonso26388279066662@yahoo.com
