id|firstName|lastName|gender|birthday|creationDate|locationIP|browserUsed
26388279066636|Jose|Alonso|female|1987-09-18|2012-02-15T13:41:01.645+0000|196.1.135.241|Internet Explorer
17592186044504|Chong|Zhang|male|1983-01-20|2011-05-06T23:28:42.927+0000|1.4.40.92|Chrome
19791209300058|Cam|Loan|female|1982-06-09|2011-08-23T01:25:07.137+0000|101.96.12.162|Firefox
6597069766695|Alexei|Feltsman|female|1985-12-05|2010-07-11T03:44:38.819+0000|31.192.132.124|Firefox
13194139533332|Yahya Ould Ahmed El|Abdallahi|male|1989-02-28|2011-01-07T19:51:47.023+0000|41.188.97.221|Internet Explorer
30786325577812|Anatoly|Shevchenko|female|1980-12-23|2012-06-23T03:41:32.077+0000|46.149.107.101|Firefox
65|Marc|Ravalomanana|female|1989-06-15|2010-02-26T23:17:18.465+0000|41.204.119.20|Firefox
8796093022290|Alexei|Codreanu|male|1983-10-27|2010-10-31T00:36:27.929+0000|188.138.180.33|Chrome
4398046511154|Alec|Lin|female|1983-01-03|2010-05-27T05:24:33.354+0000|114.198.185.178|Firefox
15393162788865|Evangelos|Alkaios|male|1987-02-05|2011-04-24T04:08:17.816+0000|91.223.132.248|Internet Explorer
24189255811103|Otto|Richter|male|1982-11-12|2011-12-10T19:27:50.519+0000|31.24.100.159|Firefox
26388279066717|Pablo|Bernal|female|1986-01-12|2012-01-13T04:00:15.938+0000|186.0.155.248|Firefox
6597069766725|Masahiro|Sato|male|1980-07-08|2010-07-22T09:42:12.471+0000|27.100.28.190|Chrome
10995116277820|Paul|Becker|female|1990-01-10|2010-12-15T01:04:57.072+0000|46.18.61.189|Opera
24189255811086|Hossein|Forouhar|male|1984-04-11|2011-12-25T00:44:58.750+0000|77.245.239.11|Firefox
32985348833314|Roberto|Diaz|female|1980-08-08|2012-08-06T10:01:33.641+0000|186.64.7.5|Firefox
2199023255637|Hao|Li|male|1985-12-26|2010-04-28T04:16:08.277+0000|14.103.173.183|Internet Explorer
4398046511152|Adje van den Berg|Vries|female|1986-08-07|2010-06-13T23:01:21.407+0000|31.24.165.15|Firefox
19791209299993|Luigi|Colombo|male|1986-11-21|2011-07-19T06:51:09.287+0000|31.171.137.117|Internet Explorer
2199023255558|Baby|Yang|male|1985-09-20|2010-04-13T22:18:38.824+0000|27.131.221.93|Internet Explorer
21990232555586|Deepak|Khan|male|1980-11-10|2011-09-12T21:30:38.614+0000|49.12.225.25|Chrome
24189255811155|Aleksandr|Dobrunov|male|1982-02-13|2011-12-27T12:09:37.768+0000|31.200.250.7|Chrome
24189255811164|Abdoulaye Khouma|Dia|male|1986-08-17|2011-12-24T10:45:28.549+0000|196.1.98.62|Firefox
17592186044494|Tamas|Gabor|male|1988-08-29|2011-06-29T16:21:59.273+0000|81.93.203.7|Internet Explorer
6597069766693|Wei|Wei|female|1985-03-14|2010-08-31T00:24:34.501+0000|27.112.88.106|Internet Explorer
15393162788922|Amy|Chen|female|1985-11-07|2011-04-27T19:53:49.614+0000|117.53.155.216|Chrome
24189255811099|Wojciech|Ciesla|male|1986-01-07|2012-01-01T15:38:13.105+0000|31.182.127.125|Internet Explorer
28587302322250|Arjun|Singh|female|1983-08-08|2012-03-14T22:08:03.259+0000|59.162.122.243|Firefox
28587302322247|Albaye Papa|Diouf|female|1983-01-18|2012-04-13T22:39:55.345+0000|196.1.99.249|Internet Explorer
6597069766659|Aleksandr|Efimkin|male|1981-09-08|2010-08-20T04:08:58.159+0000|31.185.10.92|Internet Explorer
10995116277765|Eric|Mettacara|male|1989-09-05|2010-12-19T21:48:13.850+0000|203.215.63.48|Firefox
21990232555611|Gayatri|Reddy|male|1984-07-19|2011-11-04T13:57:28.446+0000|49.33.127.55|Chrome
30786325577752|Jie|Yang|male|1980-12-29|2012-05-26T16:30:15.165+0000|27.98.220.136|Firefox
6597069766733|Karl|Fischer|female|1986-06-11|2010-08-01T16:37:24.032+0000|204.79.148.85|Chrome
8796093022297|Joseph|Sharma|male|1983-11-20|2010-10-09T04:45:29.161+0000|59.185.71.114|Firefox
13194139533391|Jose|Pereira|male|1980-08-18|2011-01-28T14:46:36.060+0000|193.136.95.244|Firefox
6597069766678|Ken|Yamada|male|1986-11-12|2010-08-11T19:26:26.822+0000|27.122.45.252|Internet Explorer
94|K.|Sen|female|1980-08-16|2010-01-06T18:34:13.740+0000|61.247.235.24|Firefox
17592186044425|Alim|Guliyev|female|1984-11-07|2011-06-09T17:43:59.636+0000|91.191.192.127|Firefox
19791209299984|Jan|Zakrzewski|female|1986-08-05|2011-08-04T04:47:58.173+0000|31.41.169.140|Chrome
32985348833313|Ali|Ferrer|female|1981-06-30|2012-07-26T08:34:09.342+0000|41.223.177.12|Safari
19791209300004|John|Reddy|male|1986-09-28|2011-08-21T06:11:15.212+0000|61.16.136.118|Chrome
15393162788906|Ali|Achiou|female|1981-04-11|2011-04-14T02:38:49.734+0000|196.29.42.107|Firefox
17592186044461|Ali|Abouba|male|1987-06-29|2011-06-29T23:20:22.909+0000|41.203.147.168|Internet Explorer
19791209300021|Babar|Khan|female|1986-05-08|2011-08-23T18:48:39.292+0000|101.50.94.220|Firefox
30786325577774|Alejandro|Garcia|male|1987-01-16|2012-06-15T07:24:26.645+0000|189.202.102.202|Firefox
15393162788893|Lei|Zhang|male|1986-08-23|2011-03-29T12:46:25.151+0000|1.2.2.77|Firefox
21990232555617|Naresh|Singh|male|1981-07-19|2011-10-25T10:43:14.196+0000|103.1.6.79|Internet Explorer
26388279066664|Celso|Oliveira|male|1988-09-23|2012-01-10T05:38:21.900+0000|192.190.31.253|Chrome
19791209300020|Akira|Yamamoto|female|1983-01-15|2011-07-31T00:53:43.370+0000|14.192.50.165|Chrome
4398046511163|Rahul|Sharma|female|1982-08-28|2010-06-23T08:48:35.041+0000|49.213.50.238|Firefox
13194139533320|Djelaludin|Zaland|male|1983-06-23|2011-02-22T16:35:44.426+0000|180.222.139.188|Internet Explorer
13194139533366|R.|Sharma|female|1985-09-17|2011-02-15T00:30:01.008+0000|103.1.101.109|Internet Explorer
32985348833315|Ayesha|Ahmed|male|1988-12-13|2012-08-08T07:53:28.961+0000|202.4.167.190|Chrome
4398046511117|Mehmet|Koksal|female|1988-01-04|2010-06-27T14:31:48.618+0000|46.154.44.101|Firefox
19791209299986|Neil|Murray|female|1982-09-15|2011-08-27T11:39:15.492+0000|41.74.150.41|Firefox
35184372088899|Francisco|Reyes|female|1985-10-21|2012-09-11T04:26:42.403+0000|123.242.207.8|Firefox
28587302322256|Abdul Jamil|Qureshi|female|1983-01-17|2012-04-17T16:44:44.056+0000|202.154.231.163|Firefox
13194139533331|Jimmy|Burak|female|1984-09-01|2011-01-19T12:18:44.286+0000|197.220.203.36|Firefox
17592186044459|Rahul|Khan|female|1987-12-25|2011-05-28T09:50:38.828+0000|27.116.34.47|Chrome
21990232555531|Cheng|Wei|male|1981-05-08|2011-10-17T01:12:03.931+0000|27.121.123.176|Chrome
13194139533344|Miguel|Gonzalez|male|1981-10-18|2011-02-17T11:34:51.763+0000|148.204.226.31|Chrome
19791209299968|John|Khan|male|1985-03-27|2011-07-26T21:41:34.142+0000|27.4.90.237|Internet Explorer
6597069766711|Luis|Alonso|male|1982-12-25|2010-08-29T23:17:47.667+0000|196.3.152.116|Internet Explorer
24189255811079|Jun|Li|female|1987-10-07|2011-12-29T07:56:39.032+0000|1.29.220.142|Chrome
21990232555571|Oleg|Bazayev|female|1989-10-13|2011-10-24T05:18:32.796+0000|85.159.30.82|Chrome
4398046511145|John|Kumar|male|1986-09-22|2010-05-19T01:14:14.976+0000|27.116.33.147|Safari
15393162788911|Tissa|Perera|male|1983-06-09|2011-04-25T15:44:53.629+0000|103.1.176.97|Safari
4398046511185|Adrian|Bravo|female|1984-05-04|2010-07-02T15:43:44.932+0000|189.217.209.55|Internet Explorer
21990232555524|Bryn|Davies|male|1985-07-03|2011-10-06T01:23:31.981+0000|31.170.121.115|Internet Explorer
2199023255562|Wolfgang|Bauer|male|1989-11-20|2010-04-18T08:28:55.447+0000|46.21.0.249|Internet Explorer
32985348833329|Ashok|Singh|male|1981-05-01|2012-08-03T16:44:19.967+0000|49.206.89.61|Safari
17592186044439|John|Johnson|male|1989-06-08|2011-05-23T07:50:53.389+0000|24.38.139.231|Firefox
24189255811171|Chen|Zhu|female|1980-10-02|2011-12-28T01:43:39.514+0000|27.144.128.121|Chrome
30786325577784|Otto|Redl|male|1983-04-25|2012-05-19T23:01:26.795+0000|31.131.151.129|Firefox
6597069766720|Jorge|Araujo Castro|female|1980-12-21|2010-08-08T13:58:06.265+0000|190.84.38.194|Opera
4398046511180|Jae-Jin|Park|male|1989-04-10|2010-06-23T08:44:05.241+0000|27.35.111.48|Chrome
96|Anson|Chen|female|1981-12-25|2010-01-17T12:10:27.592+0000|1.83.28.23|Chrome
4398046511177|Cheng|Chen|male|1981-12-07|2010-06-11T16:33:44.057+0000|27.115.85.233|Internet Explorer
32985348833378|A.|Sen|female|1989-06-10|2012-08-28T15:05:36.410+0000|61.0.61.179|Internet Explorer
15393162788866|Abdul Haris|Tobing|female|1989-12-12|2011-04-04T00:38:17.501+0000|58.145.168.54|Chrome
10995116277846|Alejandro|Rodriguez|male|1982-12-25|2010-12-22T06:54:53.357+0000|148.235.131.43|Chrome
24189255811116|Alexei|Kahnovich|female|1985-07-12|2011-12-10T14:46:31.030+0000|31.192.109.124|Internet Explorer
26388279066654|Joakim|Larsson|female|1980-04-23|2012-02-26T13:03:20.835+0000|31.209.42.207|Internet Explorer
24189255811140|Mirza Kalich|Ali|male|1989-11-03|2012-01-04T07:37:59.956+0000|202.92.17.210|Firefox
6597069766719|Fritz|Engel|female|1987-02-02|2010-07-07T12:14:24.113+0000|46.17.104.27|Firefox
10995116277788|Hans|Johansson|female|1982-05-28|2010-12-11T12:19:04.847+0000|31.209.179.5|Firefox
26388279066662|Alfonso|Rodriguez|female|1984-05-11|2012-02-11T23:08:16.056+0000|192.100.158.95|Internet Explorer
